AR1Y2_0317__Myo-inositol__2-dehydrogenase__1__EC__1.1.1.18	SRR061730	3
AR1Y2_0317__Myo-inositol__2-dehydrogenase__1__EC__1.1.1.18	SRR063538	2
AR1Y2_0317__Myo-inositol__2-dehydrogenase__1__EC__1.1.1.18	SRR063543	1
AR1Y2_0317__Myo-inositol__2-dehydrogenase__1__EC__1.1.1.18	SRR063546	1
AR1Y2_0317__Myo-inositol__2-dehydrogenase__1__EC__1.1.1.18	SRR063548	2
AR1Y2_0317__Myo-inositol__2-dehydrogenase__1__EC__1.1.1.18	SRR063550	4
AR1Y2_0317__Myo-inositol__2-dehydrogenase__1__EC__1.1.1.18	SRR063551	2
AR1Y2_0317__Myo-inositol__2-dehydrogenase__1__EC__1.1.1.18	SRR063552	8
AR1Y2_0317__Myo-inositol__2-dehydrogenase__1__EC__1.1.1.18	SRR063553	3
AR1Y2_0317__Myo-inositol__2-dehydrogenase__1__EC__1.1.1.18	SRR063554	1
AR1Y2_0317__Myo-inositol__2-dehydrogenase__1__EC__1.1.1.18	SRR063555	2
AR1Y2_0317__Myo-inositol__2-dehydrogenase__1__EC__1.1.1.18	SRR063556	3
AR1Y2_0317__Myo-inositol__2-dehydrogenase__1__EC__1.1.1.18	SRR063557	3
AR1Y2_0317__Myo-inositol__2-dehydrogenase__1__EC__1.1.1.18	SRR063558	2
AR1Y2_0317__Myo-inositol__2-dehydrogenase__1__EC__1.1.1.18	SRR063560	1
AR1Y2_0317__Myo-inositol__2-dehydrogenase__1__EC__1.1.1.18	SRR063561	1
AR1Y2_0317__Myo-inositol__2-dehydrogenase__1__EC__1.1.1.18	SRR063562	5
AR1Y2_0317__Myo-inositol__2-dehydrogenase__1__EC__1.1.1.18	SRR063563	2
AR1Y2_0317__Myo-inositol__2-dehydrogenase__1__EC__1.1.1.18	SRR063564	1
AR1Y2_0317__Myo-inositol__2-dehydrogenase__1__EC__1.1.1.18	SRR063566	1
AR1Y2_0317__Myo-inositol__2-dehydrogenase__1__EC__1.1.1.18	SRR063567	1
AR1Y2_0317__Myo-inositol__2-dehydrogenase__1__EC__1.1.1.18	SRR063569	2
AR1Y2_0317__Myo-inositol__2-dehydrogenase__1__EC__1.1.1.18	SRR063570	3
AR1Y2_0317__Myo-inositol__2-dehydrogenase__1__EC__1.1.1.18	SRR063571	3
AR1Y2_0317__Myo-inositol__2-dehydrogenase__1__EC__1.1.1.18	SRR063572	2
AR1Y2_0317__Myo-inositol__2-dehydrogenase__1__EC__1.1.1.18	SRR063573	1
AR1Y2_0317__Myo-inositol__2-dehydrogenase__1__EC__1.1.1.18	SRR063575	1
AR1Y2_0317__Myo-inositol__2-dehydrogenase__1__EC__1.1.1.18	SRR063577	2
AR1Y2_0317__Myo-inositol__2-dehydrogenase__1__EC__1.1.1.18	SRR063578	4
AR1Y2_0317__Myo-inositol__2-dehydrogenase__1__EC__1.1.1.18	SRR063579	4
AR1Y2_0317__Myo-inositol__2-dehydrogenase__1__EC__1.1.1.18	SRR063580	2
AR1Y2_0317__Myo-inositol__2-dehydrogenase__1__EC__1.1.1.18	SRR063581	1
AR1Y2_0317__Myo-inositol__2-dehydrogenase__1__EC__1.1.1.18	SRR063582	2
AR1Y2_0317__Myo-inositol__2-dehydrogenase__1__EC__1.1.1.18	SRR063584	2
AR1Y2_0317__Myo-inositol__2-dehydrogenase__1__EC__1.1.1.18	SRR063585	2
AR1Y2_0317__Myo-inositol__2-dehydrogenase__1__EC__1.1.1.18	SRR063588	1
AR1Y2_0317__Myo-inositol__2-dehydrogenase__1__EC__1.1.1.18	SRR063589	1
AR1Y2_0317__Myo-inositol__2-dehydrogenase__1__EC__1.1.1.18	SRR063801	7
AR1Y2_0317__Myo-inositol__2-dehydrogenase__1__EC__1.1.1.18	SRR063802	5
AR1Y2_0317__Myo-inositol__2-dehydrogenase__1__EC__1.1.1.18	SRR063898	1
AR1Y2_0317__Myo-inositol__2-dehydrogenase__1__EC__1.1.1.18	SRR063899	1
AR1Y2_0317__Myo-inositol__2-dehydrogenase__1__EC__1.1.1.18	SRR063900	7
AR1Y2_0317__Myo-inositol__2-dehydrogenase__1__EC__1.1.1.18	SRR063901	2
AR1Y2_0317__Myo-inositol__2-dehydrogenase__1__EC__1.1.1.18	SRR063902	3
AR1Y2_0317__Myo-inositol__2-dehydrogenase__1__EC__1.1.1.18	SRR063903	6
AR1Y2_0317__Myo-inositol__2-dehydrogenase__1__EC__1.1.1.18	SRR063904	5
AR1Y2_0317__Myo-inositol__2-dehydrogenase__1__EC__1.1.1.18	SRR063906	6
AR1Y2_0317__Myo-inositol__2-dehydrogenase__1__EC__1.1.1.18	SRR063908	9
AR1Y2_0317__Myo-inositol__2-dehydrogenase__1__EC__1.1.1.18	SRR063909	10
AR1Y2_0342__Myo-inositol__2-dehydrogenase__EC__1.1.1.18	SRR061730	5
AR1Y2_0342__Myo-inositol__2-dehydrogenase__EC__1.1.1.18	SRR063538	3
AR1Y2_0342__Myo-inositol__2-dehydrogenase__EC__1.1.1.18	SRR063539	4
AR1Y2_0342__Myo-inositol__2-dehydrogenase__EC__1.1.1.18	SRR063543	1
AR1Y2_0342__Myo-inositol__2-dehydrogenase__EC__1.1.1.18	SRR063544	2
AR1Y2_0342__Myo-inositol__2-dehydrogenase__EC__1.1.1.18	SRR063546	3
AR1Y2_0342__Myo-inositol__2-dehydrogenase__EC__1.1.1.18	SRR063548	1
AR1Y2_0342__Myo-inositol__2-dehydrogenase__EC__1.1.1.18	SRR063549	3
AR1Y2_0342__Myo-inositol__2-dehydrogenase__EC__1.1.1.18	SRR063551	3
AR1Y2_0342__Myo-inositol__2-dehydrogenase__EC__1.1.1.18	SRR063552	1
AR1Y2_0342__Myo-inositol__2-dehydrogenase__EC__1.1.1.18	SRR063553	2
AR1Y2_0342__Myo-inositol__2-dehydrogenase__EC__1.1.1.18	SRR063554	3
AR1Y2_0342__Myo-inositol__2-dehydrogenase__EC__1.1.1.18	SRR063555	2
AR1Y2_0342__Myo-inositol__2-dehydrogenase__EC__1.1.1.18	SRR063556	5
AR1Y2_0342__Myo-inositol__2-dehydrogenase__EC__1.1.1.18	SRR063557	3
AR1Y2_0342__Myo-inositol__2-dehydrogenase__EC__1.1.1.18	SRR063558	3
AR1Y2_0342__Myo-inositol__2-dehydrogenase__EC__1.1.1.18	SRR063560	1
AR1Y2_0342__Myo-inositol__2-dehydrogenase__EC__1.1.1.18	SRR063561	1
AR1Y2_0342__Myo-inositol__2-dehydrogenase__EC__1.1.1.18	SRR063562	1
AR1Y2_0342__Myo-inositol__2-dehydrogenase__EC__1.1.1.18	SRR063563	4
AR1Y2_0342__Myo-inositol__2-dehydrogenase__EC__1.1.1.18	SRR063564	1
AR1Y2_0342__Myo-inositol__2-dehydrogenase__EC__1.1.1.18	SRR063566	1
AR1Y2_0342__Myo-inositol__2-dehydrogenase__EC__1.1.1.18	SRR063567	1
AR1Y2_0342__Myo-inositol__2-dehydrogenase__EC__1.1.1.18	SRR063568	4
AR1Y2_0342__Myo-inositol__2-dehydrogenase__EC__1.1.1.18	SRR063569	2
AR1Y2_0342__Myo-inositol__2-dehydrogenase__EC__1.1.1.18	SRR063570	4
AR1Y2_0342__Myo-inositol__2-dehydrogenase__EC__1.1.1.18	SRR063571	3
AR1Y2_0342__Myo-inositol__2-dehydrogenase__EC__1.1.1.18	SRR063572	3
AR1Y2_0342__Myo-inositol__2-dehydrogenase__EC__1.1.1.18	SRR063573	1
AR1Y2_0342__Myo-inositol__2-dehydrogenase__EC__1.1.1.18	SRR063574	3
AR1Y2_0342__Myo-inositol__2-dehydrogenase__EC__1.1.1.18	SRR063575	1
AR1Y2_0342__Myo-inositol__2-dehydrogenase__EC__1.1.1.18	SRR063576	1
AR1Y2_0342__Myo-inositol__2-dehydrogenase__EC__1.1.1.18	SRR063579	3
AR1Y2_0342__Myo-inositol__2-dehydrogenase__EC__1.1.1.18	SRR063581	5
AR1Y2_0342__Myo-inositol__2-dehydrogenase__EC__1.1.1.18	SRR063582	3
AR1Y2_0342__Myo-inositol__2-dehydrogenase__EC__1.1.1.18	SRR063585	3
AR1Y2_0342__Myo-inositol__2-dehydrogenase__EC__1.1.1.18	SRR063586	1
AR1Y2_0342__Myo-inositol__2-dehydrogenase__EC__1.1.1.18	SRR063588	1
AR1Y2_0342__Myo-inositol__2-dehydrogenase__EC__1.1.1.18	SRR063589	4
AR1Y2_0342__Myo-inositol__2-dehydrogenase__EC__1.1.1.18	SRR063801	2
AR1Y2_0342__Myo-inositol__2-dehydrogenase__EC__1.1.1.18	SRR063802	3
AR1Y2_0342__Myo-inositol__2-dehydrogenase__EC__1.1.1.18	SRR063899	3
AR1Y2_0342__Myo-inositol__2-dehydrogenase__EC__1.1.1.18	SRR063900	5
AR1Y2_0342__Myo-inositol__2-dehydrogenase__EC__1.1.1.18	SRR063901	3
AR1Y2_0342__Myo-inositol__2-dehydrogenase__EC__1.1.1.18	SRR063902	2
AR1Y2_0342__Myo-inositol__2-dehydrogenase__EC__1.1.1.18	SRR063904	2
AR1Y2_0342__Myo-inositol__2-dehydrogenase__EC__1.1.1.18	SRR063906	3
AR1Y2_0342__Myo-inositol__2-dehydrogenase__EC__1.1.1.18	SRR063908	2
AR1Y2_0342__Myo-inositol__2-dehydrogenase__EC__1.1.1.18	SRR063909	9
AR1Y2_0345__Inosose__dehydratase__EC__4.2.1.44	SRR063538	5
AR1Y2_0345__Inosose__dehydratase__EC__4.2.1.44	SRR063539	4
AR1Y2_0345__Inosose__dehydratase__EC__4.2.1.44	SRR063540	1
AR1Y2_0345__Inosose__dehydratase__EC__4.2.1.44	SRR063541	4
AR1Y2_0345__Inosose__dehydratase__EC__4.2.1.44	SRR063542	1
AR1Y2_0345__Inosose__dehydratase__EC__4.2.1.44	SRR063546	3
AR1Y2_0345__Inosose__dehydratase__EC__4.2.1.44	SRR063547	1
AR1Y2_0345__Inosose__dehydratase__EC__4.2.1.44	SRR063548	2
AR1Y2_0345__Inosose__dehydratase__EC__4.2.1.44	SRR063549	5
AR1Y2_0345__Inosose__dehydratase__EC__4.2.1.44	SRR063550	5
AR1Y2_0345__Inosose__dehydratase__EC__4.2.1.44	SRR063551	4
AR1Y2_0345__Inosose__dehydratase__EC__4.2.1.44	SRR063552	2
AR1Y2_0345__Inosose__dehydratase__EC__4.2.1.44	SRR063553	2
AR1Y2_0345__Inosose__dehydratase__EC__4.2.1.44	SRR063554	2
AR1Y2_0345__Inosose__dehydratase__EC__4.2.1.44	SRR063555	4
AR1Y2_0345__Inosose__dehydratase__EC__4.2.1.44	SRR063556	1
AR1Y2_0345__Inosose__dehydratase__EC__4.2.1.44	SRR063560	1
AR1Y2_0345__Inosose__dehydratase__EC__4.2.1.44	SRR063562	1
AR1Y2_0345__Inosose__dehydratase__EC__4.2.1.44	SRR063563	4
AR1Y2_0345__Inosose__dehydratase__EC__4.2.1.44	SRR063565	2
AR1Y2_0345__Inosose__dehydratase__EC__4.2.1.44	SRR063569	2
AR1Y2_0345__Inosose__dehydratase__EC__4.2.1.44	SRR063570	1
AR1Y2_0345__Inosose__dehydratase__EC__4.2.1.44	SRR063571	2
AR1Y2_0345__Inosose__dehydratase__EC__4.2.1.44	SRR063572	1
AR1Y2_0345__Inosose__dehydratase__EC__4.2.1.44	SRR063575	4
AR1Y2_0345__Inosose__dehydratase__EC__4.2.1.44	SRR063576	1
AR1Y2_0345__Inosose__dehydratase__EC__4.2.1.44	SRR063577	1
AR1Y2_0345__Inosose__dehydratase__EC__4.2.1.44	SRR063579	1
AR1Y2_0345__Inosose__dehydratase__EC__4.2.1.44	SRR063580	2
AR1Y2_0345__Inosose__dehydratase__EC__4.2.1.44	SRR063582	3
AR1Y2_0345__Inosose__dehydratase__EC__4.2.1.44	SRR063584	2
AR1Y2_0345__Inosose__dehydratase__EC__4.2.1.44	SRR063586	1
AR1Y2_0345__Inosose__dehydratase__EC__4.2.1.44	SRR063587	4
AR1Y2_0345__Inosose__dehydratase__EC__4.2.1.44	SRR063588	1
AR1Y2_0345__Inosose__dehydratase__EC__4.2.1.44	SRR063589	2
AR1Y2_0345__Inosose__dehydratase__EC__4.2.1.44	SRR063801	3
AR1Y2_0345__Inosose__dehydratase__EC__4.2.1.44	SRR063899	5
AR1Y2_0345__Inosose__dehydratase__EC__4.2.1.44	SRR063900	2
AR1Y2_0345__Inosose__dehydratase__EC__4.2.1.44	SRR063901	5
AR1Y2_0345__Inosose__dehydratase__EC__4.2.1.44	SRR063902	1
AR1Y2_0345__Inosose__dehydratase__EC__4.2.1.44	SRR063903	2
AR1Y2_0345__Inosose__dehydratase__EC__4.2.1.44	SRR063904	2
AR1Y2_0345__Inosose__dehydratase__EC__4.2.1.44	SRR063906	1
AR1Y2_0345__Inosose__dehydratase__EC__4.2.1.44	SRR063907	2
AR1Y2_0345__Inosose__dehydratase__EC__4.2.1.44	SRR063908	2
AR1Y2_0345__Inosose__dehydratase__EC__4.2.1.44	SRR063909	6
AR1Y2_0899__Phosphoglycerate__mutase__family	SRR061730	1
AR1Y2_0899__Phosphoglycerate__mutase__family	SRR063539	1
AR1Y2_0899__Phosphoglycerate__mutase__family	SRR063541	5
AR1Y2_0899__Phosphoglycerate__mutase__family	SRR063543	1
AR1Y2_0899__Phosphoglycerate__mutase__family	SRR063544	1
AR1Y2_0899__Phosphoglycerate__mutase__family	SRR063547	1
AR1Y2_0899__Phosphoglycerate__mutase__family	SRR063550	3
AR1Y2_0899__Phosphoglycerate__mutase__family	SRR063551	1
AR1Y2_0899__Phosphoglycerate__mutase__family	SRR063552	1
AR1Y2_0899__Phosphoglycerate__mutase__family	SRR063553	1
AR1Y2_0899__Phosphoglycerate__mutase__family	SRR063555	1
AR1Y2_0899__Phosphoglycerate__mutase__family	SRR063558	1
AR1Y2_0899__Phosphoglycerate__mutase__family	SRR063569	1
AR1Y2_0899__Phosphoglycerate__mutase__family	SRR063571	1
AR1Y2_0899__Phosphoglycerate__mutase__family	SRR063572	2
AR1Y2_0899__Phosphoglycerate__mutase__family	SRR063577	1
AR1Y2_0899__Phosphoglycerate__mutase__family	SRR063582	1
AR1Y2_0899__Phosphoglycerate__mutase__family	SRR063584	1
AR1Y2_0899__Phosphoglycerate__mutase__family	SRR063585	1
AR1Y2_0899__Phosphoglycerate__mutase__family	SRR063586	2
AR1Y2_0899__Phosphoglycerate__mutase__family	SRR063802	1
AR1Y2_0899__Phosphoglycerate__mutase__family	SRR063899	1
AR1Y2_0899__Phosphoglycerate__mutase__family	SRR063901	2
AR1Y2_0899__Phosphoglycerate__mutase__family	SRR063902	2
AR1Y2_0899__Phosphoglycerate__mutase__family	SRR063903	1
AR1Y2_0899__Phosphoglycerate__mutase__family	SRR063905	2
AR1Y2_0899__Phosphoglycerate__mutase__family	SRR063906	1
AR1Y2_0899__Phosphoglycerate__mutase__family	SRR063908	4
AR1Y2_0899__Phosphoglycerate__mutase__family	SRR063909	3
AR1Y2_0982__Enolase__EC__4.2.1.11	SRR061730	241
AR1Y2_0982__Enolase__EC__4.2.1.11	SRR063538	192
AR1Y2_0982__Enolase__EC__4.2.1.11	SRR063539	168
AR1Y2_0982__Enolase__EC__4.2.1.11	SRR063540	29
AR1Y2_0982__Enolase__EC__4.2.1.11	SRR063541	107
AR1Y2_0982__Enolase__EC__4.2.1.11	SRR063542	39
AR1Y2_0982__Enolase__EC__4.2.1.11	SRR063543	136
AR1Y2_0982__Enolase__EC__4.2.1.11	SRR063544	133
AR1Y2_0982__Enolase__EC__4.2.1.11	SRR063545	105
AR1Y2_0982__Enolase__EC__4.2.1.11	SRR063546	138
AR1Y2_0982__Enolase__EC__4.2.1.11	SRR063547	114
AR1Y2_0982__Enolase__EC__4.2.1.11	SRR063548	125
AR1Y2_0982__Enolase__EC__4.2.1.11	SRR063549	168
AR1Y2_0982__Enolase__EC__4.2.1.11	SRR063550	171
AR1Y2_0982__Enolase__EC__4.2.1.11	SRR063551	167
AR1Y2_0982__Enolase__EC__4.2.1.11	SRR063552	151
AR1Y2_0982__Enolase__EC__4.2.1.11	SRR063553	145
AR1Y2_0982__Enolase__EC__4.2.1.11	SRR063554	132
AR1Y2_0982__Enolase__EC__4.2.1.11	SRR063555	132
AR1Y2_0982__Enolase__EC__4.2.1.11	SRR063556	124
AR1Y2_0982__Enolase__EC__4.2.1.11	SRR063557	104
AR1Y2_0982__Enolase__EC__4.2.1.11	SRR063558	109
AR1Y2_0982__Enolase__EC__4.2.1.11	SRR063560	78
AR1Y2_0982__Enolase__EC__4.2.1.11	SRR063561	100
AR1Y2_0982__Enolase__EC__4.2.1.11	SRR063562	142
AR1Y2_0982__Enolase__EC__4.2.1.11	SRR063563	141
AR1Y2_0982__Enolase__EC__4.2.1.11	SRR063564	124
AR1Y2_0982__Enolase__EC__4.2.1.11	SRR063565	117
AR1Y2_0982__Enolase__EC__4.2.1.11	SRR063566	77
AR1Y2_0982__Enolase__EC__4.2.1.11	SRR063567	89
AR1Y2_0982__Enolase__EC__4.2.1.11	SRR063568	93
AR1Y2_0982__Enolase__EC__4.2.1.11	SRR063569	99
AR1Y2_0982__Enolase__EC__4.2.1.11	SRR063570	117
AR1Y2_0982__Enolase__EC__4.2.1.11	SRR063571	71
AR1Y2_0982__Enolase__EC__4.2.1.11	SRR063572	112
AR1Y2_0982__Enolase__EC__4.2.1.11	SRR063573	107
AR1Y2_0982__Enolase__EC__4.2.1.11	SRR063574	109
AR1Y2_0982__Enolase__EC__4.2.1.11	SRR063575	111
AR1Y2_0982__Enolase__EC__4.2.1.11	SRR063576	72
AR1Y2_0982__Enolase__EC__4.2.1.11	SRR063577	101
AR1Y2_0982__Enolase__EC__4.2.1.11	SRR063578	93
AR1Y2_0982__Enolase__EC__4.2.1.11	SRR063579	123
AR1Y2_0982__Enolase__EC__4.2.1.11	SRR063580	103
AR1Y2_0982__Enolase__EC__4.2.1.11	SRR063581	132
AR1Y2_0982__Enolase__EC__4.2.1.11	SRR063582	126
AR1Y2_0982__Enolase__EC__4.2.1.11	SRR063584	129
AR1Y2_0982__Enolase__EC__4.2.1.11	SRR063585	124
AR1Y2_0982__Enolase__EC__4.2.1.11	SRR063586	132
AR1Y2_0982__Enolase__EC__4.2.1.11	SRR063587	108
AR1Y2_0982__Enolase__EC__4.2.1.11	SRR063588	109
AR1Y2_0982__Enolase__EC__4.2.1.11	SRR063589	95
AR1Y2_0982__Enolase__EC__4.2.1.11	SRR063801	171
AR1Y2_0982__Enolase__EC__4.2.1.11	SRR063802	155
AR1Y2_0982__Enolase__EC__4.2.1.11	SRR063898	192
AR1Y2_0982__Enolase__EC__4.2.1.11	SRR063899	195
AR1Y2_0982__Enolase__EC__4.2.1.11	SRR063900	191
AR1Y2_0982__Enolase__EC__4.2.1.11	SRR063901	238
AR1Y2_0982__Enolase__EC__4.2.1.11	SRR063902	201
AR1Y2_0982__Enolase__EC__4.2.1.11	SRR063903	239
AR1Y2_0982__Enolase__EC__4.2.1.11	SRR063904	275
AR1Y2_0982__Enolase__EC__4.2.1.11	SRR063905	168
AR1Y2_0982__Enolase__EC__4.2.1.11	SRR063906	226
AR1Y2_0982__Enolase__EC__4.2.1.11	SRR063907	109
AR1Y2_0982__Enolase__EC__4.2.1.11	SRR063908	254
AR1Y2_0982__Enolase__EC__4.2.1.11	SRR063909	281
AR1Y2_1050__Acyl-CoA__dehydrogenase__EC__1.3.99.2	SRR061730	55
AR1Y2_1050__Acyl-CoA__dehydrogenase__EC__1.3.99.2	SRR063538	55
AR1Y2_1050__Acyl-CoA__dehydrogenase__EC__1.3.99.2	SRR063539	47
AR1Y2_1050__Acyl-CoA__dehydrogenase__EC__1.3.99.2	SRR063540	4
AR1Y2_1050__Acyl-CoA__dehydrogenase__EC__1.3.99.2	SRR063541	37
AR1Y2_1050__Acyl-CoA__dehydrogenase__EC__1.3.99.2	SRR063542	3
AR1Y2_1050__Acyl-CoA__dehydrogenase__EC__1.3.99.2	SRR063543	11
AR1Y2_1050__Acyl-CoA__dehydrogenase__EC__1.3.99.2	SRR063544	6
AR1Y2_1050__Acyl-CoA__dehydrogenase__EC__1.3.99.2	SRR063545	15
AR1Y2_1050__Acyl-CoA__dehydrogenase__EC__1.3.99.2	SRR063546	55
AR1Y2_1050__Acyl-CoA__dehydrogenase__EC__1.3.99.2	SRR063547	12
AR1Y2_1050__Acyl-CoA__dehydrogenase__EC__1.3.99.2	SRR063548	49
AR1Y2_1050__Acyl-CoA__dehydrogenase__EC__1.3.99.2	SRR063549	43
AR1Y2_1050__Acyl-CoA__dehydrogenase__EC__1.3.99.2	SRR063550	65
AR1Y2_1050__Acyl-CoA__dehydrogenase__EC__1.3.99.2	SRR063551	28
AR1Y2_1050__Acyl-CoA__dehydrogenase__EC__1.3.99.2	SRR063552	44
AR1Y2_1050__Acyl-CoA__dehydrogenase__EC__1.3.99.2	SRR063553	38
AR1Y2_1050__Acyl-CoA__dehydrogenase__EC__1.3.99.2	SRR063554	38
AR1Y2_1050__Acyl-CoA__dehydrogenase__EC__1.3.99.2	SRR063555	28
AR1Y2_1050__Acyl-CoA__dehydrogenase__EC__1.3.99.2	SRR063556	5
AR1Y2_1050__Acyl-CoA__dehydrogenase__EC__1.3.99.2	SRR063557	13
AR1Y2_1050__Acyl-CoA__dehydrogenase__EC__1.3.99.2	SRR063558	6
AR1Y2_1050__Acyl-CoA__dehydrogenase__EC__1.3.99.2	SRR063560	8
AR1Y2_1050__Acyl-CoA__dehydrogenase__EC__1.3.99.2	SRR063561	4
AR1Y2_1050__Acyl-CoA__dehydrogenase__EC__1.3.99.2	SRR063562	10
AR1Y2_1050__Acyl-CoA__dehydrogenase__EC__1.3.99.2	SRR063563	13
AR1Y2_1050__Acyl-CoA__dehydrogenase__EC__1.3.99.2	SRR063564	12
AR1Y2_1050__Acyl-CoA__dehydrogenase__EC__1.3.99.2	SRR063565	42
AR1Y2_1050__Acyl-CoA__dehydrogenase__EC__1.3.99.2	SRR063566	21
AR1Y2_1050__Acyl-CoA__dehydrogenase__EC__1.3.99.2	SRR063567	21
AR1Y2_1050__Acyl-CoA__dehydrogenase__EC__1.3.99.2	SRR063568	24
AR1Y2_1050__Acyl-CoA__dehydrogenase__EC__1.3.99.2	SRR063569	25
AR1Y2_1050__Acyl-CoA__dehydrogenase__EC__1.3.99.2	SRR063570	10
AR1Y2_1050__Acyl-CoA__dehydrogenase__EC__1.3.99.2	SRR063571	6
AR1Y2_1050__Acyl-CoA__dehydrogenase__EC__1.3.99.2	SRR063572	56
AR1Y2_1050__Acyl-CoA__dehydrogenase__EC__1.3.99.2	SRR063573	30
AR1Y2_1050__Acyl-CoA__dehydrogenase__EC__1.3.99.2	SRR063574	27
AR1Y2_1050__Acyl-CoA__dehydrogenase__EC__1.3.99.2	SRR063575	38
AR1Y2_1050__Acyl-CoA__dehydrogenase__EC__1.3.99.2	SRR063576	7
AR1Y2_1050__Acyl-CoA__dehydrogenase__EC__1.3.99.2	SRR063577	18
AR1Y2_1050__Acyl-CoA__dehydrogenase__EC__1.3.99.2	SRR063578	21
AR1Y2_1050__Acyl-CoA__dehydrogenase__EC__1.3.99.2	SRR063579	13
AR1Y2_1050__Acyl-CoA__dehydrogenase__EC__1.3.99.2	SRR063580	39
AR1Y2_1050__Acyl-CoA__dehydrogenase__EC__1.3.99.2	SRR063581	36
AR1Y2_1050__Acyl-CoA__dehydrogenase__EC__1.3.99.2	SRR063582	32
AR1Y2_1050__Acyl-CoA__dehydrogenase__EC__1.3.99.2	SRR063584	29
AR1Y2_1050__Acyl-CoA__dehydrogenase__EC__1.3.99.2	SRR063585	53
AR1Y2_1050__Acyl-CoA__dehydrogenase__EC__1.3.99.2	SRR063586	14
AR1Y2_1050__Acyl-CoA__dehydrogenase__EC__1.3.99.2	SRR063587	19
AR1Y2_1050__Acyl-CoA__dehydrogenase__EC__1.3.99.2	SRR063588	12
AR1Y2_1050__Acyl-CoA__dehydrogenase__EC__1.3.99.2	SRR063589	9
AR1Y2_1050__Acyl-CoA__dehydrogenase__EC__1.3.99.2	SRR063801	6
AR1Y2_1050__Acyl-CoA__dehydrogenase__EC__1.3.99.2	SRR063802	4
AR1Y2_1050__Acyl-CoA__dehydrogenase__EC__1.3.99.2	SRR063898	14
AR1Y2_1050__Acyl-CoA__dehydrogenase__EC__1.3.99.2	SRR063899	22
AR1Y2_1050__Acyl-CoA__dehydrogenase__EC__1.3.99.2	SRR063900	13
AR1Y2_1050__Acyl-CoA__dehydrogenase__EC__1.3.99.2	SRR063901	67
AR1Y2_1050__Acyl-CoA__dehydrogenase__EC__1.3.99.2	SRR063902	55
AR1Y2_1050__Acyl-CoA__dehydrogenase__EC__1.3.99.2	SRR063903	58
AR1Y2_1050__Acyl-CoA__dehydrogenase__EC__1.3.99.2	SRR063904	68
AR1Y2_1050__Acyl-CoA__dehydrogenase__EC__1.3.99.2	SRR063905	17
AR1Y2_1050__Acyl-CoA__dehydrogenase__EC__1.3.99.2	SRR063906	23
AR1Y2_1050__Acyl-CoA__dehydrogenase__EC__1.3.99.2	SRR063907	27
AR1Y2_1050__Acyl-CoA__dehydrogenase__EC__1.3.99.2	SRR063908	63
AR1Y2_1050__Acyl-CoA__dehydrogenase__EC__1.3.99.2	SRR063909	96
AR1Y2_1051__Electron__transfer__flavoprotein,__beta__subunit	SRR061730	84
AR1Y2_1051__Electron__transfer__flavoprotein,__beta__subunit	SRR063538	53
AR1Y2_1051__Electron__transfer__flavoprotein,__beta__subunit	SRR063539	45
AR1Y2_1051__Electron__transfer__flavoprotein,__beta__subunit	SRR063540	5
AR1Y2_1051__Electron__transfer__flavoprotein,__beta__subunit	SRR063541	35
AR1Y2_1051__Electron__transfer__flavoprotein,__beta__subunit	SRR063542	14
AR1Y2_1051__Electron__transfer__flavoprotein,__beta__subunit	SRR063543	40
AR1Y2_1051__Electron__transfer__flavoprotein,__beta__subunit	SRR063544	30
AR1Y2_1051__Electron__transfer__flavoprotein,__beta__subunit	SRR063545	35
AR1Y2_1051__Electron__transfer__flavoprotein,__beta__subunit	SRR063546	33
AR1Y2_1051__Electron__transfer__flavoprotein,__beta__subunit	SRR063547	28
AR1Y2_1051__Electron__transfer__flavoprotein,__beta__subunit	SRR063548	55
AR1Y2_1051__Electron__transfer__flavoprotein,__beta__subunit	SRR063549	54
AR1Y2_1051__Electron__transfer__flavoprotein,__beta__subunit	SRR063550	76
AR1Y2_1051__Electron__transfer__flavoprotein,__beta__subunit	SRR063551	58
AR1Y2_1051__Electron__transfer__flavoprotein,__beta__subunit	SRR063552	47
AR1Y2_1051__Electron__transfer__flavoprotein,__beta__subunit	SRR063553	39
AR1Y2_1051__Electron__transfer__flavoprotein,__beta__subunit	SRR063554	57
AR1Y2_1051__Electron__transfer__flavoprotein,__beta__subunit	SRR063555	44
AR1Y2_1051__Electron__transfer__flavoprotein,__beta__subunit	SRR063556	46
AR1Y2_1051__Electron__transfer__flavoprotein,__beta__subunit	SRR063557	42
AR1Y2_1051__Electron__transfer__flavoprotein,__beta__subunit	SRR063558	31
AR1Y2_1051__Electron__transfer__flavoprotein,__beta__subunit	SRR063560	19
AR1Y2_1051__Electron__transfer__flavoprotein,__beta__subunit	SRR063561	40
AR1Y2_1051__Electron__transfer__flavoprotein,__beta__subunit	SRR063562	36
AR1Y2_1051__Electron__transfer__flavoprotein,__beta__subunit	SRR063563	49
AR1Y2_1051__Electron__transfer__flavoprotein,__beta__subunit	SRR063564	51
AR1Y2_1051__Electron__transfer__flavoprotein,__beta__subunit	SRR063565	50
AR1Y2_1051__Electron__transfer__flavoprotein,__beta__subunit	SRR063566	28
AR1Y2_1051__Electron__transfer__flavoprotein,__beta__subunit	SRR063567	23
AR1Y2_1051__Electron__transfer__flavoprotein,__beta__subunit	SRR063568	55
AR1Y2_1051__Electron__transfer__flavoprotein,__beta__subunit	SRR063569	35
AR1Y2_1051__Electron__transfer__flavoprotein,__beta__subunit	SRR063570	33
AR1Y2_1051__Electron__transfer__flavoprotein,__beta__subunit	SRR063571	34
AR1Y2_1051__Electron__transfer__flavoprotein,__beta__subunit	SRR063572	48
AR1Y2_1051__Electron__transfer__flavoprotein,__beta__subunit	SRR063573	42
AR1Y2_1051__Electron__transfer__flavoprotein,__beta__subunit	SRR063574	44
AR1Y2_1051__Electron__transfer__flavoprotein,__beta__subunit	SRR063575	47
AR1Y2_1051__Electron__transfer__flavoprotein,__beta__subunit	SRR063576	34
AR1Y2_1051__Electron__transfer__flavoprotein,__beta__subunit	SRR063577	36
AR1Y2_1051__Electron__transfer__flavoprotein,__beta__subunit	SRR063578	30
AR1Y2_1051__Electron__transfer__flavoprotein,__beta__subunit	SRR063579	39
AR1Y2_1051__Electron__transfer__flavoprotein,__beta__subunit	SRR063580	46
AR1Y2_1051__Electron__transfer__flavoprotein,__beta__subunit	SRR063581	52
AR1Y2_1051__Electron__transfer__flavoprotein,__beta__subunit	SRR063582	30
AR1Y2_1051__Electron__transfer__flavoprotein,__beta__subunit	SRR063584	56
AR1Y2_1051__Electron__transfer__flavoprotein,__beta__subunit	SRR063585	43
AR1Y2_1051__Electron__transfer__flavoprotein,__beta__subunit	SRR063586	40
AR1Y2_1051__Electron__transfer__flavoprotein,__beta__subunit	SRR063587	43
AR1Y2_1051__Electron__transfer__flavoprotein,__beta__subunit	SRR063588	40
AR1Y2_1051__Electron__transfer__flavoprotein,__beta__subunit	SRR063589	38
AR1Y2_1051__Electron__transfer__flavoprotein,__beta__subunit	SRR063801	52
AR1Y2_1051__Electron__transfer__flavoprotein,__beta__subunit	SRR063802	52
AR1Y2_1051__Electron__transfer__flavoprotein,__beta__subunit	SRR063898	57
AR1Y2_1051__Electron__transfer__flavoprotein,__beta__subunit	SRR063899	41
AR1Y2_1051__Electron__transfer__flavoprotein,__beta__subunit	SRR063900	49
AR1Y2_1051__Electron__transfer__flavoprotein,__beta__subunit	SRR063901	98
AR1Y2_1051__Electron__transfer__flavoprotein,__beta__subunit	SRR063902	69
AR1Y2_1051__Electron__transfer__flavoprotein,__beta__subunit	SRR063903	77
AR1Y2_1051__Electron__transfer__flavoprotein,__beta__subunit	SRR063904	78
AR1Y2_1051__Electron__transfer__flavoprotein,__beta__subunit	SRR063905	57
AR1Y2_1051__Electron__transfer__flavoprotein,__beta__subunit	SRR063906	59
AR1Y2_1051__Electron__transfer__flavoprotein,__beta__subunit	SRR063907	36
AR1Y2_1051__Electron__transfer__flavoprotein,__beta__subunit	SRR063908	82
AR1Y2_1051__Electron__transfer__flavoprotein,__beta__subunit	SRR063909	89
AR1Y2_1052__Electron__transfer__flavoprotein,__alpha__subunit	SRR061730	148
AR1Y2_1052__Electron__transfer__flavoprotein,__alpha__subunit	SRR063538	103
AR1Y2_1052__Electron__transfer__flavoprotein,__alpha__subunit	SRR063539	82
AR1Y2_1052__Electron__transfer__flavoprotein,__alpha__subunit	SRR063540	7
AR1Y2_1052__Electron__transfer__flavoprotein,__alpha__subunit	SRR063541	48
AR1Y2_1052__Electron__transfer__flavoprotein,__alpha__subunit	SRR063542	15
AR1Y2_1052__Electron__transfer__flavoprotein,__alpha__subunit	SRR063543	61
AR1Y2_1052__Electron__transfer__flavoprotein,__alpha__subunit	SRR063544	64
AR1Y2_1052__Electron__transfer__flavoprotein,__alpha__subunit	SRR063545	52
AR1Y2_1052__Electron__transfer__flavoprotein,__alpha__subunit	SRR063546	43
AR1Y2_1052__Electron__transfer__flavoprotein,__alpha__subunit	SRR063547	57
AR1Y2_1052__Electron__transfer__flavoprotein,__alpha__subunit	SRR063548	83
AR1Y2_1052__Electron__transfer__flavoprotein,__alpha__subunit	SRR063549	104
AR1Y2_1052__Electron__transfer__flavoprotein,__alpha__subunit	SRR063550	74
AR1Y2_1052__Electron__transfer__flavoprotein,__alpha__subunit	SRR063551	93
AR1Y2_1052__Electron__transfer__flavoprotein,__alpha__subunit	SRR063552	56
AR1Y2_1052__Electron__transfer__flavoprotein,__alpha__subunit	SRR063553	92
AR1Y2_1052__Electron__transfer__flavoprotein,__alpha__subunit	SRR063554	79
AR1Y2_1052__Electron__transfer__flavoprotein,__alpha__subunit	SRR063555	78
AR1Y2_1052__Electron__transfer__flavoprotein,__alpha__subunit	SRR063556	94
AR1Y2_1052__Electron__transfer__flavoprotein,__alpha__subunit	SRR063557	77
AR1Y2_1052__Electron__transfer__flavoprotein,__alpha__subunit	SRR063558	56
AR1Y2_1052__Electron__transfer__flavoprotein,__alpha__subunit	SRR063560	39
AR1Y2_1052__Electron__transfer__flavoprotein,__alpha__subunit	SRR063561	53
AR1Y2_1052__Electron__transfer__flavoprotein,__alpha__subunit	SRR063562	67
AR1Y2_1052__Electron__transfer__flavoprotein,__alpha__subunit	SRR063563	88
AR1Y2_1052__Electron__transfer__flavoprotein,__alpha__subunit	SRR063564	68
AR1Y2_1052__Electron__transfer__flavoprotein,__alpha__subunit	SRR063565	92
AR1Y2_1052__Electron__transfer__flavoprotein,__alpha__subunit	SRR063566	43
AR1Y2_1052__Electron__transfer__flavoprotein,__alpha__subunit	SRR063567	57
AR1Y2_1052__Electron__transfer__flavoprotein,__alpha__subunit	SRR063568	51
AR1Y2_1052__Electron__transfer__flavoprotein,__alpha__subunit	SRR063569	51
AR1Y2_1052__Electron__transfer__flavoprotein,__alpha__subunit	SRR063570	81
AR1Y2_1052__Electron__transfer__flavoprotein,__alpha__subunit	SRR063571	24
AR1Y2_1052__Electron__transfer__flavoprotein,__alpha__subunit	SRR063572	56
AR1Y2_1052__Electron__transfer__flavoprotein,__alpha__subunit	SRR063573	66
AR1Y2_1052__Electron__transfer__flavoprotein,__alpha__subunit	SRR063574	63
AR1Y2_1052__Electron__transfer__flavoprotein,__alpha__subunit	SRR063575	53
AR1Y2_1052__Electron__transfer__flavoprotein,__alpha__subunit	SRR063576	44
AR1Y2_1052__Electron__transfer__flavoprotein,__alpha__subunit	SRR063577	53
AR1Y2_1052__Electron__transfer__flavoprotein,__alpha__subunit	SRR063578	70
AR1Y2_1052__Electron__transfer__flavoprotein,__alpha__subunit	SRR063579	61
AR1Y2_1052__Electron__transfer__flavoprotein,__alpha__subunit	SRR063580	70
AR1Y2_1052__Electron__transfer__flavoprotein,__alpha__subunit	SRR063581	71
AR1Y2_1052__Electron__transfer__flavoprotein,__alpha__subunit	SRR063582	82
AR1Y2_1052__Electron__transfer__flavoprotein,__alpha__subunit	SRR063584	100
AR1Y2_1052__Electron__transfer__flavoprotein,__alpha__subunit	SRR063585	69
AR1Y2_1052__Electron__transfer__flavoprotein,__alpha__subunit	SRR063586	59
AR1Y2_1052__Electron__transfer__flavoprotein,__alpha__subunit	SRR063587	66
AR1Y2_1052__Electron__transfer__flavoprotein,__alpha__subunit	SRR063588	77
AR1Y2_1052__Electron__transfer__flavoprotein,__alpha__subunit	SRR063589	70
AR1Y2_1052__Electron__transfer__flavoprotein,__alpha__subunit	SRR063801	105
AR1Y2_1052__Electron__transfer__flavoprotein,__alpha__subunit	SRR063802	85
AR1Y2_1052__Electron__transfer__flavoprotein,__alpha__subunit	SRR063898	100
AR1Y2_1052__Electron__transfer__flavoprotein,__alpha__subunit	SRR063899	95
AR1Y2_1052__Electron__transfer__flavoprotein,__alpha__subunit	SRR063900	101
AR1Y2_1052__Electron__transfer__flavoprotein,__alpha__subunit	SRR063901	117
AR1Y2_1052__Electron__transfer__flavoprotein,__alpha__subunit	SRR063902	103
AR1Y2_1052__Electron__transfer__flavoprotein,__alpha__subunit	SRR063903	138
AR1Y2_1052__Electron__transfer__flavoprotein,__alpha__subunit	SRR063904	136
AR1Y2_1052__Electron__transfer__flavoprotein,__alpha__subunit	SRR063905	88
AR1Y2_1052__Electron__transfer__flavoprotein,__alpha__subunit	SRR063906	132
AR1Y2_1052__Electron__transfer__flavoprotein,__alpha__subunit	SRR063907	53
AR1Y2_1052__Electron__transfer__flavoprotein,__alpha__subunit	SRR063908	126
AR1Y2_1052__Electron__transfer__flavoprotein,__alpha__subunit	SRR063909	132
AR1Y2_1054__5-keto-2-deoxy-D-gluconate-6__phosphate__aldolase__EC__4.1.2.29	SRR061730	11
AR1Y2_1054__5-keto-2-deoxy-D-gluconate-6__phosphate__aldolase__EC__4.1.2.29	SRR063538	5
AR1Y2_1054__5-keto-2-deoxy-D-gluconate-6__phosphate__aldolase__EC__4.1.2.29	SRR063539	4
AR1Y2_1054__5-keto-2-deoxy-D-gluconate-6__phosphate__aldolase__EC__4.1.2.29	SRR063541	14
AR1Y2_1054__5-keto-2-deoxy-D-gluconate-6__phosphate__aldolase__EC__4.1.2.29	SRR063542	2
AR1Y2_1054__5-keto-2-deoxy-D-gluconate-6__phosphate__aldolase__EC__4.1.2.29	SRR063543	3
AR1Y2_1054__5-keto-2-deoxy-D-gluconate-6__phosphate__aldolase__EC__4.1.2.29	SRR063544	2
AR1Y2_1054__5-keto-2-deoxy-D-gluconate-6__phosphate__aldolase__EC__4.1.2.29	SRR063545	3
AR1Y2_1054__5-keto-2-deoxy-D-gluconate-6__phosphate__aldolase__EC__4.1.2.29	SRR063546	10
AR1Y2_1054__5-keto-2-deoxy-D-gluconate-6__phosphate__aldolase__EC__4.1.2.29	SRR063547	1
AR1Y2_1054__5-keto-2-deoxy-D-gluconate-6__phosphate__aldolase__EC__4.1.2.29	SRR063548	5
AR1Y2_1054__5-keto-2-deoxy-D-gluconate-6__phosphate__aldolase__EC__4.1.2.29	SRR063549	10
AR1Y2_1054__5-keto-2-deoxy-D-gluconate-6__phosphate__aldolase__EC__4.1.2.29	SRR063550	35
AR1Y2_1054__5-keto-2-deoxy-D-gluconate-6__phosphate__aldolase__EC__4.1.2.29	SRR063551	10
AR1Y2_1054__5-keto-2-deoxy-D-gluconate-6__phosphate__aldolase__EC__4.1.2.29	SRR063552	21
AR1Y2_1054__5-keto-2-deoxy-D-gluconate-6__phosphate__aldolase__EC__4.1.2.29	SRR063553	7
AR1Y2_1054__5-keto-2-deoxy-D-gluconate-6__phosphate__aldolase__EC__4.1.2.29	SRR063554	4
AR1Y2_1054__5-keto-2-deoxy-D-gluconate-6__phosphate__aldolase__EC__4.1.2.29	SRR063555	14
AR1Y2_1054__5-keto-2-deoxy-D-gluconate-6__phosphate__aldolase__EC__4.1.2.29	SRR063556	5
AR1Y2_1054__5-keto-2-deoxy-D-gluconate-6__phosphate__aldolase__EC__4.1.2.29	SRR063557	1
AR1Y2_1054__5-keto-2-deoxy-D-gluconate-6__phosphate__aldolase__EC__4.1.2.29	SRR063558	1
AR1Y2_1054__5-keto-2-deoxy-D-gluconate-6__phosphate__aldolase__EC__4.1.2.29	SRR063561	3
AR1Y2_1054__5-keto-2-deoxy-D-gluconate-6__phosphate__aldolase__EC__4.1.2.29	SRR063562	4
AR1Y2_1054__5-keto-2-deoxy-D-gluconate-6__phosphate__aldolase__EC__4.1.2.29	SRR063563	1
AR1Y2_1054__5-keto-2-deoxy-D-gluconate-6__phosphate__aldolase__EC__4.1.2.29	SRR063564	4
AR1Y2_1054__5-keto-2-deoxy-D-gluconate-6__phosphate__aldolase__EC__4.1.2.29	SRR063565	12
AR1Y2_1054__5-keto-2-deoxy-D-gluconate-6__phosphate__aldolase__EC__4.1.2.29	SRR063566	1
AR1Y2_1054__5-keto-2-deoxy-D-gluconate-6__phosphate__aldolase__EC__4.1.2.29	SRR063567	4
AR1Y2_1054__5-keto-2-deoxy-D-gluconate-6__phosphate__aldolase__EC__4.1.2.29	SRR063568	5
AR1Y2_1054__5-keto-2-deoxy-D-gluconate-6__phosphate__aldolase__EC__4.1.2.29	SRR063569	2
AR1Y2_1054__5-keto-2-deoxy-D-gluconate-6__phosphate__aldolase__EC__4.1.2.29	SRR063570	4
AR1Y2_1054__5-keto-2-deoxy-D-gluconate-6__phosphate__aldolase__EC__4.1.2.29	SRR063571	1
AR1Y2_1054__5-keto-2-deoxy-D-gluconate-6__phosphate__aldolase__EC__4.1.2.29	SRR063572	7
AR1Y2_1054__5-keto-2-deoxy-D-gluconate-6__phosphate__aldolase__EC__4.1.2.29	SRR063573	4
AR1Y2_1054__5-keto-2-deoxy-D-gluconate-6__phosphate__aldolase__EC__4.1.2.29	SRR063574	5
AR1Y2_1054__5-keto-2-deoxy-D-gluconate-6__phosphate__aldolase__EC__4.1.2.29	SRR063575	5
AR1Y2_1054__5-keto-2-deoxy-D-gluconate-6__phosphate__aldolase__EC__4.1.2.29	SRR063577	5
AR1Y2_1054__5-keto-2-deoxy-D-gluconate-6__phosphate__aldolase__EC__4.1.2.29	SRR063578	4
AR1Y2_1054__5-keto-2-deoxy-D-gluconate-6__phosphate__aldolase__EC__4.1.2.29	SRR063579	4
AR1Y2_1054__5-keto-2-deoxy-D-gluconate-6__phosphate__aldolase__EC__4.1.2.29	SRR063580	5
AR1Y2_1054__5-keto-2-deoxy-D-gluconate-6__phosphate__aldolase__EC__4.1.2.29	SRR063581	3
AR1Y2_1054__5-keto-2-deoxy-D-gluconate-6__phosphate__aldolase__EC__4.1.2.29	SRR063582	8
AR1Y2_1054__5-keto-2-deoxy-D-gluconate-6__phosphate__aldolase__EC__4.1.2.29	SRR063584	9
AR1Y2_1054__5-keto-2-deoxy-D-gluconate-6__phosphate__aldolase__EC__4.1.2.29	SRR063585	10
AR1Y2_1054__5-keto-2-deoxy-D-gluconate-6__phosphate__aldolase__EC__4.1.2.29	SRR063586	1
AR1Y2_1054__5-keto-2-deoxy-D-gluconate-6__phosphate__aldolase__EC__4.1.2.29	SRR063587	1
AR1Y2_1054__5-keto-2-deoxy-D-gluconate-6__phosphate__aldolase__EC__4.1.2.29	SRR063588	6
AR1Y2_1054__5-keto-2-deoxy-D-gluconate-6__phosphate__aldolase__EC__4.1.2.29	SRR063589	3
AR1Y2_1054__5-keto-2-deoxy-D-gluconate-6__phosphate__aldolase__EC__4.1.2.29	SRR063801	1
AR1Y2_1054__5-keto-2-deoxy-D-gluconate-6__phosphate__aldolase__EC__4.1.2.29	SRR063802	3
AR1Y2_1054__5-keto-2-deoxy-D-gluconate-6__phosphate__aldolase__EC__4.1.2.29	SRR063898	4
AR1Y2_1054__5-keto-2-deoxy-D-gluconate-6__phosphate__aldolase__EC__4.1.2.29	SRR063899	10
AR1Y2_1054__5-keto-2-deoxy-D-gluconate-6__phosphate__aldolase__EC__4.1.2.29	SRR063900	7
AR1Y2_1054__5-keto-2-deoxy-D-gluconate-6__phosphate__aldolase__EC__4.1.2.29	SRR063901	23
AR1Y2_1054__5-keto-2-deoxy-D-gluconate-6__phosphate__aldolase__EC__4.1.2.29	SRR063902	18
AR1Y2_1054__5-keto-2-deoxy-D-gluconate-6__phosphate__aldolase__EC__4.1.2.29	SRR063903	24
AR1Y2_1054__5-keto-2-deoxy-D-gluconate-6__phosphate__aldolase__EC__4.1.2.29	SRR063904	30
AR1Y2_1054__5-keto-2-deoxy-D-gluconate-6__phosphate__aldolase__EC__4.1.2.29	SRR063905	3
AR1Y2_1054__5-keto-2-deoxy-D-gluconate-6__phosphate__aldolase__EC__4.1.2.29	SRR063906	10
AR1Y2_1054__5-keto-2-deoxy-D-gluconate-6__phosphate__aldolase__EC__4.1.2.29	SRR063907	9
AR1Y2_1054__5-keto-2-deoxy-D-gluconate-6__phosphate__aldolase__EC__4.1.2.29	SRR063908	22
AR1Y2_1054__5-keto-2-deoxy-D-gluconate-6__phosphate__aldolase__EC__4.1.2.29	SRR063909	34
AR1Y2_1057__Myo-inositol__2-dehydrogenase__EC__1.1.1.18	SRR061730	8
AR1Y2_1057__Myo-inositol__2-dehydrogenase__EC__1.1.1.18	SRR063538	6
AR1Y2_1057__Myo-inositol__2-dehydrogenase__EC__1.1.1.18	SRR063539	4
AR1Y2_1057__Myo-inositol__2-dehydrogenase__EC__1.1.1.18	SRR063542	1
AR1Y2_1057__Myo-inositol__2-dehydrogenase__EC__1.1.1.18	SRR063543	3
AR1Y2_1057__Myo-inositol__2-dehydrogenase__EC__1.1.1.18	SRR063546	3
AR1Y2_1057__Myo-inositol__2-dehydrogenase__EC__1.1.1.18	SRR063548	3
AR1Y2_1057__Myo-inositol__2-dehydrogenase__EC__1.1.1.18	SRR063549	3
AR1Y2_1057__Myo-inositol__2-dehydrogenase__EC__1.1.1.18	SRR063551	5
AR1Y2_1057__Myo-inositol__2-dehydrogenase__EC__1.1.1.18	SRR063553	8
AR1Y2_1057__Myo-inositol__2-dehydrogenase__EC__1.1.1.18	SRR063554	6
AR1Y2_1057__Myo-inositol__2-dehydrogenase__EC__1.1.1.18	SRR063555	3
AR1Y2_1057__Myo-inositol__2-dehydrogenase__EC__1.1.1.18	SRR063556	4
AR1Y2_1057__Myo-inositol__2-dehydrogenase__EC__1.1.1.18	SRR063557	2
AR1Y2_1057__Myo-inositol__2-dehydrogenase__EC__1.1.1.18	SRR063558	2
AR1Y2_1057__Myo-inositol__2-dehydrogenase__EC__1.1.1.18	SRR063560	1
AR1Y2_1057__Myo-inositol__2-dehydrogenase__EC__1.1.1.18	SRR063561	2
AR1Y2_1057__Myo-inositol__2-dehydrogenase__EC__1.1.1.18	SRR063562	5
AR1Y2_1057__Myo-inositol__2-dehydrogenase__EC__1.1.1.18	SRR063563	6
AR1Y2_1057__Myo-inositol__2-dehydrogenase__EC__1.1.1.18	SRR063564	2
AR1Y2_1057__Myo-inositol__2-dehydrogenase__EC__1.1.1.18	SRR063565	1
AR1Y2_1057__Myo-inositol__2-dehydrogenase__EC__1.1.1.18	SRR063566	4
AR1Y2_1057__Myo-inositol__2-dehydrogenase__EC__1.1.1.18	SRR063567	1
AR1Y2_1057__Myo-inositol__2-dehydrogenase__EC__1.1.1.18	SRR063568	2
AR1Y2_1057__Myo-inositol__2-dehydrogenase__EC__1.1.1.18	SRR063569	2
AR1Y2_1057__Myo-inositol__2-dehydrogenase__EC__1.1.1.18	SRR063570	4
AR1Y2_1057__Myo-inositol__2-dehydrogenase__EC__1.1.1.18	SRR063571	1
AR1Y2_1057__Myo-inositol__2-dehydrogenase__EC__1.1.1.18	SRR063572	5
AR1Y2_1057__Myo-inositol__2-dehydrogenase__EC__1.1.1.18	SRR063573	1
AR1Y2_1057__Myo-inositol__2-dehydrogenase__EC__1.1.1.18	SRR063574	2
AR1Y2_1057__Myo-inositol__2-dehydrogenase__EC__1.1.1.18	SRR063575	1
AR1Y2_1057__Myo-inositol__2-dehydrogenase__EC__1.1.1.18	SRR063576	1
AR1Y2_1057__Myo-inositol__2-dehydrogenase__EC__1.1.1.18	SRR063577	3
AR1Y2_1057__Myo-inositol__2-dehydrogenase__EC__1.1.1.18	SRR063578	2
AR1Y2_1057__Myo-inositol__2-dehydrogenase__EC__1.1.1.18	SRR063579	2
AR1Y2_1057__Myo-inositol__2-dehydrogenase__EC__1.1.1.18	SRR063580	3
AR1Y2_1057__Myo-inositol__2-dehydrogenase__EC__1.1.1.18	SRR063581	3
AR1Y2_1057__Myo-inositol__2-dehydrogenase__EC__1.1.1.18	SRR063582	3
AR1Y2_1057__Myo-inositol__2-dehydrogenase__EC__1.1.1.18	SRR063584	6
AR1Y2_1057__Myo-inositol__2-dehydrogenase__EC__1.1.1.18	SRR063585	3
AR1Y2_1057__Myo-inositol__2-dehydrogenase__EC__1.1.1.18	SRR063586	2
AR1Y2_1057__Myo-inositol__2-dehydrogenase__EC__1.1.1.18	SRR063587	1
AR1Y2_1057__Myo-inositol__2-dehydrogenase__EC__1.1.1.18	SRR063588	4
AR1Y2_1057__Myo-inositol__2-dehydrogenase__EC__1.1.1.18	SRR063801	11
AR1Y2_1057__Myo-inositol__2-dehydrogenase__EC__1.1.1.18	SRR063802	11
AR1Y2_1057__Myo-inositol__2-dehydrogenase__EC__1.1.1.18	SRR063898	1
AR1Y2_1057__Myo-inositol__2-dehydrogenase__EC__1.1.1.18	SRR063899	5
AR1Y2_1057__Myo-inositol__2-dehydrogenase__EC__1.1.1.18	SRR063900	6
AR1Y2_1057__Myo-inositol__2-dehydrogenase__EC__1.1.1.18	SRR063901	4
AR1Y2_1057__Myo-inositol__2-dehydrogenase__EC__1.1.1.18	SRR063902	1
AR1Y2_1057__Myo-inositol__2-dehydrogenase__EC__1.1.1.18	SRR063903	1
AR1Y2_1057__Myo-inositol__2-dehydrogenase__EC__1.1.1.18	SRR063904	3
AR1Y2_1057__Myo-inositol__2-dehydrogenase__EC__1.1.1.18	SRR063905	4
AR1Y2_1057__Myo-inositol__2-dehydrogenase__EC__1.1.1.18	SRR063906	7
AR1Y2_1057__Myo-inositol__2-dehydrogenase__EC__1.1.1.18	SRR063907	1
AR1Y2_1057__Myo-inositol__2-dehydrogenase__EC__1.1.1.18	SRR063908	4
AR1Y2_1057__Myo-inositol__2-dehydrogenase__EC__1.1.1.18	SRR063909	4
AR1Y2_1058__Inosose__isomerase__EC__5.3.99.-	SRR063539	1
AR1Y2_1058__Inosose__isomerase__EC__5.3.99.-	SRR063546	1
AR1Y2_1058__Inosose__isomerase__EC__5.3.99.-	SRR063552	1
AR1Y2_1058__Inosose__isomerase__EC__5.3.99.-	SRR063568	1
AR1Y2_1058__Inosose__isomerase__EC__5.3.99.-	SRR063569	1
AR1Y2_1058__Inosose__isomerase__EC__5.3.99.-	SRR063573	1
AR1Y2_1058__Inosose__isomerase__EC__5.3.99.-	SRR063580	1
AR1Y2_1058__Inosose__isomerase__EC__5.3.99.-	SRR063900	2
AR1Y2_1058__Inosose__isomerase__EC__5.3.99.-	SRR063901	3
AR1Y2_1058__Inosose__isomerase__EC__5.3.99.-	SRR063902	1
AR1Y2_1058__Inosose__isomerase__EC__5.3.99.-	SRR063903	1
AR1Y2_1058__Inosose__isomerase__EC__5.3.99.-	SRR063908	2
AR1Y2_1059__putative__myo-inositol__transporter	SRR061730	6
AR1Y2_1059__putative__myo-inositol__transporter	SRR063538	2
AR1Y2_1059__putative__myo-inositol__transporter	SRR063539	6
AR1Y2_1059__putative__myo-inositol__transporter	SRR063540	1
AR1Y2_1059__putative__myo-inositol__transporter	SRR063541	4
AR1Y2_1059__putative__myo-inositol__transporter	SRR063542	1
AR1Y2_1059__putative__myo-inositol__transporter	SRR063543	3
AR1Y2_1059__putative__myo-inositol__transporter	SRR063544	4
AR1Y2_1059__putative__myo-inositol__transporter	SRR063545	2
AR1Y2_1059__putative__myo-inositol__transporter	SRR063546	4
AR1Y2_1059__putative__myo-inositol__transporter	SRR063547	1
AR1Y2_1059__putative__myo-inositol__transporter	SRR063548	1
AR1Y2_1059__putative__myo-inositol__transporter	SRR063549	1
AR1Y2_1059__putative__myo-inositol__transporter	SRR063550	9
AR1Y2_1059__putative__myo-inositol__transporter	SRR063551	4
AR1Y2_1059__putative__myo-inositol__transporter	SRR063552	6
AR1Y2_1059__putative__myo-inositol__transporter	SRR063553	4
AR1Y2_1059__putative__myo-inositol__transporter	SRR063554	4
AR1Y2_1059__putative__myo-inositol__transporter	SRR063555	3
AR1Y2_1059__putative__myo-inositol__transporter	SRR063556	1
AR1Y2_1059__putative__myo-inositol__transporter	SRR063557	5
AR1Y2_1059__putative__myo-inositol__transporter	SRR063558	3
AR1Y2_1059__putative__myo-inositol__transporter	SRR063561	1
AR1Y2_1059__putative__myo-inositol__transporter	SRR063562	5
AR1Y2_1059__putative__myo-inositol__transporter	SRR063563	1
AR1Y2_1059__putative__myo-inositol__transporter	SRR063564	2
AR1Y2_1059__putative__myo-inositol__transporter	SRR063565	3
AR1Y2_1059__putative__myo-inositol__transporter	SRR063566	4
AR1Y2_1059__putative__myo-inositol__transporter	SRR063567	3
AR1Y2_1059__putative__myo-inositol__transporter	SRR063568	2
AR1Y2_1059__putative__myo-inositol__transporter	SRR063569	3
AR1Y2_1059__putative__myo-inositol__transporter	SRR063570	2
AR1Y2_1059__putative__myo-inositol__transporter	SRR063571	2
AR1Y2_1059__putative__myo-inositol__transporter	SRR063572	4
AR1Y2_1059__putative__myo-inositol__transporter	SRR063573	2
AR1Y2_1059__putative__myo-inositol__transporter	SRR063574	4
AR1Y2_1059__putative__myo-inositol__transporter	SRR063575	2
AR1Y2_1059__putative__myo-inositol__transporter	SRR063576	4
AR1Y2_1059__putative__myo-inositol__transporter	SRR063577	3
AR1Y2_1059__putative__myo-inositol__transporter	SRR063578	2
AR1Y2_1059__putative__myo-inositol__transporter	SRR063579	3
AR1Y2_1059__putative__myo-inositol__transporter	SRR063580	4
AR1Y2_1059__putative__myo-inositol__transporter	SRR063581	5
AR1Y2_1059__putative__myo-inositol__transporter	SRR063582	5
AR1Y2_1059__putative__myo-inositol__transporter	SRR063584	4
AR1Y2_1059__putative__myo-inositol__transporter	SRR063585	4
AR1Y2_1059__putative__myo-inositol__transporter	SRR063586	2
AR1Y2_1059__putative__myo-inositol__transporter	SRR063587	2
AR1Y2_1059__putative__myo-inositol__transporter	SRR063588	5
AR1Y2_1059__putative__myo-inositol__transporter	SRR063589	5
AR1Y2_1059__putative__myo-inositol__transporter	SRR063801	4
AR1Y2_1059__putative__myo-inositol__transporter	SRR063802	7
AR1Y2_1059__putative__myo-inositol__transporter	SRR063898	1
AR1Y2_1059__putative__myo-inositol__transporter	SRR063899	7
AR1Y2_1059__putative__myo-inositol__transporter	SRR063900	5
AR1Y2_1059__putative__myo-inositol__transporter	SRR063901	2
AR1Y2_1059__putative__myo-inositol__transporter	SRR063902	3
AR1Y2_1059__putative__myo-inositol__transporter	SRR063903	7
AR1Y2_1059__putative__myo-inositol__transporter	SRR063904	5
AR1Y2_1059__putative__myo-inositol__transporter	SRR063905	2
AR1Y2_1059__putative__myo-inositol__transporter	SRR063906	1
AR1Y2_1059__putative__myo-inositol__transporter	SRR063907	5
AR1Y2_1059__putative__myo-inositol__transporter	SRR063908	6
AR1Y2_1059__putative__myo-inositol__transporter	SRR063909	6
AR1Y2_1104__5-keto-2-deoxygluconokinase__EC__2.7.1.92	SRR061730	1
AR1Y2_1104__5-keto-2-deoxygluconokinase__EC__2.7.1.92	SRR063538	4
AR1Y2_1104__5-keto-2-deoxygluconokinase__EC__2.7.1.92	SRR063541	1
AR1Y2_1104__5-keto-2-deoxygluconokinase__EC__2.7.1.92	SRR063546	1
AR1Y2_1104__5-keto-2-deoxygluconokinase__EC__2.7.1.92	SRR063548	2
AR1Y2_1104__5-keto-2-deoxygluconokinase__EC__2.7.1.92	SRR063549	1
AR1Y2_1104__5-keto-2-deoxygluconokinase__EC__2.7.1.92	SRR063550	2
AR1Y2_1104__5-keto-2-deoxygluconokinase__EC__2.7.1.92	SRR063552	3
AR1Y2_1104__5-keto-2-deoxygluconokinase__EC__2.7.1.92	SRR063562	1
AR1Y2_1104__5-keto-2-deoxygluconokinase__EC__2.7.1.92	SRR063566	1
AR1Y2_1104__5-keto-2-deoxygluconokinase__EC__2.7.1.92	SRR063570	1
AR1Y2_1104__5-keto-2-deoxygluconokinase__EC__2.7.1.92	SRR063571	1
AR1Y2_1104__5-keto-2-deoxygluconokinase__EC__2.7.1.92	SRR063581	1
AR1Y2_1104__5-keto-2-deoxygluconokinase__EC__2.7.1.92	SRR063585	1
AR1Y2_1104__5-keto-2-deoxygluconokinase__EC__2.7.1.92	SRR063588	1
AR1Y2_1104__5-keto-2-deoxygluconokinase__EC__2.7.1.92	SRR063901	2
AR1Y2_1104__5-keto-2-deoxygluconokinase__EC__2.7.1.92	SRR063902	1
AR1Y2_1104__5-keto-2-deoxygluconokinase__EC__2.7.1.92	SRR063903	2
AR1Y2_1104__5-keto-2-deoxygluconokinase__EC__2.7.1.92	SRR063904	1
AR1Y2_1104__5-keto-2-deoxygluconokinase__EC__2.7.1.92	SRR063907	3
AR1Y2_1104__5-keto-2-deoxygluconokinase__EC__2.7.1.92	SRR063908	4
AR1Y2_1104__5-keto-2-deoxygluconokinase__EC__2.7.1.92	SRR063909	6
AR1Y2_1105__Epi-inositol__hydrolase__EC__3.7.1.-	SRR061730	4
AR1Y2_1105__Epi-inositol__hydrolase__EC__3.7.1.-	SRR063538	11
AR1Y2_1105__Epi-inositol__hydrolase__EC__3.7.1.-	SRR063539	7
AR1Y2_1105__Epi-inositol__hydrolase__EC__3.7.1.-	SRR063540	2
AR1Y2_1105__Epi-inositol__hydrolase__EC__3.7.1.-	SRR063541	4
AR1Y2_1105__Epi-inositol__hydrolase__EC__3.7.1.-	SRR063543	1
AR1Y2_1105__Epi-inositol__hydrolase__EC__3.7.1.-	SRR063546	9
AR1Y2_1105__Epi-inositol__hydrolase__EC__3.7.1.-	SRR063547	2
AR1Y2_1105__Epi-inositol__hydrolase__EC__3.7.1.-	SRR063548	7
AR1Y2_1105__Epi-inositol__hydrolase__EC__3.7.1.-	SRR063549	4
AR1Y2_1105__Epi-inositol__hydrolase__EC__3.7.1.-	SRR063550	8
AR1Y2_1105__Epi-inositol__hydrolase__EC__3.7.1.-	SRR063551	5
AR1Y2_1105__Epi-inositol__hydrolase__EC__3.7.1.-	SRR063552	4
AR1Y2_1105__Epi-inositol__hydrolase__EC__3.7.1.-	SRR063553	3
AR1Y2_1105__Epi-inositol__hydrolase__EC__3.7.1.-	SRR063554	7
AR1Y2_1105__Epi-inositol__hydrolase__EC__3.7.1.-	SRR063555	3
AR1Y2_1105__Epi-inositol__hydrolase__EC__3.7.1.-	SRR063556	1
AR1Y2_1105__Epi-inositol__hydrolase__EC__3.7.1.-	SRR063557	5
AR1Y2_1105__Epi-inositol__hydrolase__EC__3.7.1.-	SRR063561	1
AR1Y2_1105__Epi-inositol__hydrolase__EC__3.7.1.-	SRR063562	1
AR1Y2_1105__Epi-inositol__hydrolase__EC__3.7.1.-	SRR063563	2
AR1Y2_1105__Epi-inositol__hydrolase__EC__3.7.1.-	SRR063564	1
AR1Y2_1105__Epi-inositol__hydrolase__EC__3.7.1.-	SRR063565	1
AR1Y2_1105__Epi-inositol__hydrolase__EC__3.7.1.-	SRR063566	3
AR1Y2_1105__Epi-inositol__hydrolase__EC__3.7.1.-	SRR063567	1
AR1Y2_1105__Epi-inositol__hydrolase__EC__3.7.1.-	SRR063568	1
AR1Y2_1105__Epi-inositol__hydrolase__EC__3.7.1.-	SRR063569	1
AR1Y2_1105__Epi-inositol__hydrolase__EC__3.7.1.-	SRR063570	1
AR1Y2_1105__Epi-inositol__hydrolase__EC__3.7.1.-	SRR063572	6
AR1Y2_1105__Epi-inositol__hydrolase__EC__3.7.1.-	SRR063573	4
AR1Y2_1105__Epi-inositol__hydrolase__EC__3.7.1.-	SRR063574	2
AR1Y2_1105__Epi-inositol__hydrolase__EC__3.7.1.-	SRR063575	3
AR1Y2_1105__Epi-inositol__hydrolase__EC__3.7.1.-	SRR063576	2
AR1Y2_1105__Epi-inositol__hydrolase__EC__3.7.1.-	SRR063578	1
AR1Y2_1105__Epi-inositol__hydrolase__EC__3.7.1.-	SRR063579	2
AR1Y2_1105__Epi-inositol__hydrolase__EC__3.7.1.-	SRR063580	1
AR1Y2_1105__Epi-inositol__hydrolase__EC__3.7.1.-	SRR063581	1
AR1Y2_1105__Epi-inositol__hydrolase__EC__3.7.1.-	SRR063582	1
AR1Y2_1105__Epi-inositol__hydrolase__EC__3.7.1.-	SRR063584	2
AR1Y2_1105__Epi-inositol__hydrolase__EC__3.7.1.-	SRR063585	2
AR1Y2_1105__Epi-inositol__hydrolase__EC__3.7.1.-	SRR063586	2
AR1Y2_1105__Epi-inositol__hydrolase__EC__3.7.1.-	SRR063587	5
AR1Y2_1105__Epi-inositol__hydrolase__EC__3.7.1.-	SRR063588	3
AR1Y2_1105__Epi-inositol__hydrolase__EC__3.7.1.-	SRR063589	1
AR1Y2_1105__Epi-inositol__hydrolase__EC__3.7.1.-	SRR063802	1
AR1Y2_1105__Epi-inositol__hydrolase__EC__3.7.1.-	SRR063899	4
AR1Y2_1105__Epi-inositol__hydrolase__EC__3.7.1.-	SRR063900	1
AR1Y2_1105__Epi-inositol__hydrolase__EC__3.7.1.-	SRR063901	3
AR1Y2_1105__Epi-inositol__hydrolase__EC__3.7.1.-	SRR063902	2
AR1Y2_1105__Epi-inositol__hydrolase__EC__3.7.1.-	SRR063903	4
AR1Y2_1105__Epi-inositol__hydrolase__EC__3.7.1.-	SRR063904	2
AR1Y2_1105__Epi-inositol__hydrolase__EC__3.7.1.-	SRR063906	1
AR1Y2_1105__Epi-inositol__hydrolase__EC__3.7.1.-	SRR063907	1
AR1Y2_1105__Epi-inositol__hydrolase__EC__3.7.1.-	SRR063908	6
AR1Y2_1105__Epi-inositol__hydrolase__EC__3.7.1.-	SRR063909	10
AR1Y2_1106__5-deoxy-glucuronate__isomerase__EC__5.3.1.-	SRR061730	2
AR1Y2_1106__5-deoxy-glucuronate__isomerase__EC__5.3.1.-	SRR063538	5
AR1Y2_1106__5-deoxy-glucuronate__isomerase__EC__5.3.1.-	SRR063546	2
AR1Y2_1106__5-deoxy-glucuronate__isomerase__EC__5.3.1.-	SRR063548	4
AR1Y2_1106__5-deoxy-glucuronate__isomerase__EC__5.3.1.-	SRR063549	3
AR1Y2_1106__5-deoxy-glucuronate__isomerase__EC__5.3.1.-	SRR063550	1
AR1Y2_1106__5-deoxy-glucuronate__isomerase__EC__5.3.1.-	SRR063554	1
AR1Y2_1106__5-deoxy-glucuronate__isomerase__EC__5.3.1.-	SRR063555	2
AR1Y2_1106__5-deoxy-glucuronate__isomerase__EC__5.3.1.-	SRR063556	2
AR1Y2_1106__5-deoxy-glucuronate__isomerase__EC__5.3.1.-	SRR063557	1
AR1Y2_1106__5-deoxy-glucuronate__isomerase__EC__5.3.1.-	SRR063558	1
AR1Y2_1106__5-deoxy-glucuronate__isomerase__EC__5.3.1.-	SRR063561	1
AR1Y2_1106__5-deoxy-glucuronate__isomerase__EC__5.3.1.-	SRR063562	1
AR1Y2_1106__5-deoxy-glucuronate__isomerase__EC__5.3.1.-	SRR063565	1
AR1Y2_1106__5-deoxy-glucuronate__isomerase__EC__5.3.1.-	SRR063571	2
AR1Y2_1106__5-deoxy-glucuronate__isomerase__EC__5.3.1.-	SRR063578	1
AR1Y2_1106__5-deoxy-glucuronate__isomerase__EC__5.3.1.-	SRR063580	1
AR1Y2_1106__5-deoxy-glucuronate__isomerase__EC__5.3.1.-	SRR063581	2
AR1Y2_1106__5-deoxy-glucuronate__isomerase__EC__5.3.1.-	SRR063582	1
AR1Y2_1106__5-deoxy-glucuronate__isomerase__EC__5.3.1.-	SRR063584	1
AR1Y2_1106__5-deoxy-glucuronate__isomerase__EC__5.3.1.-	SRR063585	1
AR1Y2_1106__5-deoxy-glucuronate__isomerase__EC__5.3.1.-	SRR063588	1
AR1Y2_1106__5-deoxy-glucuronate__isomerase__EC__5.3.1.-	SRR063589	1
AR1Y2_1106__5-deoxy-glucuronate__isomerase__EC__5.3.1.-	SRR063899	1
AR1Y2_1106__5-deoxy-glucuronate__isomerase__EC__5.3.1.-	SRR063901	1
AR1Y2_1106__5-deoxy-glucuronate__isomerase__EC__5.3.1.-	SRR063903	4
AR1Y2_1106__5-deoxy-glucuronate__isomerase__EC__5.3.1.-	SRR063907	2
AR1Y2_1106__5-deoxy-glucuronate__isomerase__EC__5.3.1.-	SRR063908	6
AR1Y2_1106__5-deoxy-glucuronate__isomerase__EC__5.3.1.-	SRR063909	4
AR1Y2_1115__3-oxoacid-CoA__transferase,__alpha__subunit__EC__2.8.3.8	SRR061730	2
AR1Y2_1115__3-oxoacid-CoA__transferase,__alpha__subunit__EC__2.8.3.8	SRR063538	11
AR1Y2_1115__3-oxoacid-CoA__transferase,__alpha__subunit__EC__2.8.3.8	SRR063539	8
AR1Y2_1115__3-oxoacid-CoA__transferase,__alpha__subunit__EC__2.8.3.8	SRR063540	2
AR1Y2_1115__3-oxoacid-CoA__transferase,__alpha__subunit__EC__2.8.3.8	SRR063541	3
AR1Y2_1115__3-oxoacid-CoA__transferase,__alpha__subunit__EC__2.8.3.8	SRR063542	1
AR1Y2_1115__3-oxoacid-CoA__transferase,__alpha__subunit__EC__2.8.3.8	SRR063543	4
AR1Y2_1115__3-oxoacid-CoA__transferase,__alpha__subunit__EC__2.8.3.8	SRR063544	3
AR1Y2_1115__3-oxoacid-CoA__transferase,__alpha__subunit__EC__2.8.3.8	SRR063545	1
AR1Y2_1115__3-oxoacid-CoA__transferase,__alpha__subunit__EC__2.8.3.8	SRR063546	5
AR1Y2_1115__3-oxoacid-CoA__transferase,__alpha__subunit__EC__2.8.3.8	SRR063547	5
AR1Y2_1115__3-oxoacid-CoA__transferase,__alpha__subunit__EC__2.8.3.8	SRR063548	9
AR1Y2_1115__3-oxoacid-CoA__transferase,__alpha__subunit__EC__2.8.3.8	SRR063549	7
AR1Y2_1115__3-oxoacid-CoA__transferase,__alpha__subunit__EC__2.8.3.8	SRR063550	1
AR1Y2_1115__3-oxoacid-CoA__transferase,__alpha__subunit__EC__2.8.3.8	SRR063551	7
AR1Y2_1115__3-oxoacid-CoA__transferase,__alpha__subunit__EC__2.8.3.8	SRR063552	2
AR1Y2_1115__3-oxoacid-CoA__transferase,__alpha__subunit__EC__2.8.3.8	SRR063553	9
AR1Y2_1115__3-oxoacid-CoA__transferase,__alpha__subunit__EC__2.8.3.8	SRR063554	9
AR1Y2_1115__3-oxoacid-CoA__transferase,__alpha__subunit__EC__2.8.3.8	SRR063555	9
AR1Y2_1115__3-oxoacid-CoA__transferase,__alpha__subunit__EC__2.8.3.8	SRR063556	3
AR1Y2_1115__3-oxoacid-CoA__transferase,__alpha__subunit__EC__2.8.3.8	SRR063557	2
AR1Y2_1115__3-oxoacid-CoA__transferase,__alpha__subunit__EC__2.8.3.8	SRR063558	1
AR1Y2_1115__3-oxoacid-CoA__transferase,__alpha__subunit__EC__2.8.3.8	SRR063560	2
AR1Y2_1115__3-oxoacid-CoA__transferase,__alpha__subunit__EC__2.8.3.8	SRR063561	3
AR1Y2_1115__3-oxoacid-CoA__transferase,__alpha__subunit__EC__2.8.3.8	SRR063562	4
AR1Y2_1115__3-oxoacid-CoA__transferase,__alpha__subunit__EC__2.8.3.8	SRR063563	5
AR1Y2_1115__3-oxoacid-CoA__transferase,__alpha__subunit__EC__2.8.3.8	SRR063564	6
AR1Y2_1115__3-oxoacid-CoA__transferase,__alpha__subunit__EC__2.8.3.8	SRR063565	4
AR1Y2_1115__3-oxoacid-CoA__transferase,__alpha__subunit__EC__2.8.3.8	SRR063566	3
AR1Y2_1115__3-oxoacid-CoA__transferase,__alpha__subunit__EC__2.8.3.8	SRR063567	6
AR1Y2_1115__3-oxoacid-CoA__transferase,__alpha__subunit__EC__2.8.3.8	SRR063568	4
AR1Y2_1115__3-oxoacid-CoA__transferase,__alpha__subunit__EC__2.8.3.8	SRR063569	1
AR1Y2_1115__3-oxoacid-CoA__transferase,__alpha__subunit__EC__2.8.3.8	SRR063570	1
AR1Y2_1115__3-oxoacid-CoA__transferase,__alpha__subunit__EC__2.8.3.8	SRR063571	1
AR1Y2_1115__3-oxoacid-CoA__transferase,__alpha__subunit__EC__2.8.3.8	SRR063572	2
AR1Y2_1115__3-oxoacid-CoA__transferase,__alpha__subunit__EC__2.8.3.8	SRR063573	3
AR1Y2_1115__3-oxoacid-CoA__transferase,__alpha__subunit__EC__2.8.3.8	SRR063574	2
AR1Y2_1115__3-oxoacid-CoA__transferase,__alpha__subunit__EC__2.8.3.8	SRR063575	3
AR1Y2_1115__3-oxoacid-CoA__transferase,__alpha__subunit__EC__2.8.3.8	SRR063576	1
AR1Y2_1115__3-oxoacid-CoA__transferase,__alpha__subunit__EC__2.8.3.8	SRR063577	2
AR1Y2_1115__3-oxoacid-CoA__transferase,__alpha__subunit__EC__2.8.3.8	SRR063578	7
AR1Y2_1115__3-oxoacid-CoA__transferase,__alpha__subunit__EC__2.8.3.8	SRR063579	8
AR1Y2_1115__3-oxoacid-CoA__transferase,__alpha__subunit__EC__2.8.3.8	SRR063580	3
AR1Y2_1115__3-oxoacid-CoA__transferase,__alpha__subunit__EC__2.8.3.8	SRR063581	2
AR1Y2_1115__3-oxoacid-CoA__transferase,__alpha__subunit__EC__2.8.3.8	SRR063582	3
AR1Y2_1115__3-oxoacid-CoA__transferase,__alpha__subunit__EC__2.8.3.8	SRR063584	3
AR1Y2_1115__3-oxoacid-CoA__transferase,__alpha__subunit__EC__2.8.3.8	SRR063585	8
AR1Y2_1115__3-oxoacid-CoA__transferase,__alpha__subunit__EC__2.8.3.8	SRR063586	3
AR1Y2_1115__3-oxoacid-CoA__transferase,__alpha__subunit__EC__2.8.3.8	SRR063587	1
AR1Y2_1115__3-oxoacid-CoA__transferase,__alpha__subunit__EC__2.8.3.8	SRR063588	3
AR1Y2_1115__3-oxoacid-CoA__transferase,__alpha__subunit__EC__2.8.3.8	SRR063589	7
AR1Y2_1115__3-oxoacid-CoA__transferase,__alpha__subunit__EC__2.8.3.8	SRR063802	4
AR1Y2_1115__3-oxoacid-CoA__transferase,__alpha__subunit__EC__2.8.3.8	SRR063898	4
AR1Y2_1115__3-oxoacid-CoA__transferase,__alpha__subunit__EC__2.8.3.8	SRR063899	2
AR1Y2_1115__3-oxoacid-CoA__transferase,__alpha__subunit__EC__2.8.3.8	SRR063900	3
AR1Y2_1115__3-oxoacid-CoA__transferase,__alpha__subunit__EC__2.8.3.8	SRR063901	11
AR1Y2_1115__3-oxoacid-CoA__transferase,__alpha__subunit__EC__2.8.3.8	SRR063902	6
AR1Y2_1115__3-oxoacid-CoA__transferase,__alpha__subunit__EC__2.8.3.8	SRR063903	10
AR1Y2_1115__3-oxoacid-CoA__transferase,__alpha__subunit__EC__2.8.3.8	SRR063904	5
AR1Y2_1115__3-oxoacid-CoA__transferase,__alpha__subunit__EC__2.8.3.8	SRR063905	4
AR1Y2_1115__3-oxoacid-CoA__transferase,__alpha__subunit__EC__2.8.3.8	SRR063906	3
AR1Y2_1115__3-oxoacid-CoA__transferase,__alpha__subunit__EC__2.8.3.8	SRR063908	11
AR1Y2_1115__3-oxoacid-CoA__transferase,__alpha__subunit__EC__2.8.3.8	SRR063909	10
AR1Y2_1116__Enoyl-CoA__dehydratase__EC__4.2.1.55	SRR061730	19
AR1Y2_1116__Enoyl-CoA__dehydratase__EC__4.2.1.55	SRR063538	15
AR1Y2_1116__Enoyl-CoA__dehydratase__EC__4.2.1.55	SRR063539	12
AR1Y2_1116__Enoyl-CoA__dehydratase__EC__4.2.1.55	SRR063541	11
AR1Y2_1116__Enoyl-CoA__dehydratase__EC__4.2.1.55	SRR063544	4
AR1Y2_1116__Enoyl-CoA__dehydratase__EC__4.2.1.55	SRR063545	3
AR1Y2_1116__Enoyl-CoA__dehydratase__EC__4.2.1.55	SRR063546	18
AR1Y2_1116__Enoyl-CoA__dehydratase__EC__4.2.1.55	SRR063547	4
AR1Y2_1116__Enoyl-CoA__dehydratase__EC__4.2.1.55	SRR063548	16
AR1Y2_1116__Enoyl-CoA__dehydratase__EC__4.2.1.55	SRR063549	10
AR1Y2_1116__Enoyl-CoA__dehydratase__EC__4.2.1.55	SRR063550	31
AR1Y2_1116__Enoyl-CoA__dehydratase__EC__4.2.1.55	SRR063551	4
AR1Y2_1116__Enoyl-CoA__dehydratase__EC__4.2.1.55	SRR063552	23
AR1Y2_1116__Enoyl-CoA__dehydratase__EC__4.2.1.55	SRR063553	9
AR1Y2_1116__Enoyl-CoA__dehydratase__EC__4.2.1.55	SRR063554	7
AR1Y2_1116__Enoyl-CoA__dehydratase__EC__4.2.1.55	SRR063555	7
AR1Y2_1116__Enoyl-CoA__dehydratase__EC__4.2.1.55	SRR063556	4
AR1Y2_1116__Enoyl-CoA__dehydratase__EC__4.2.1.55	SRR063557	3
AR1Y2_1116__Enoyl-CoA__dehydratase__EC__4.2.1.55	SRR063558	2
AR1Y2_1116__Enoyl-CoA__dehydratase__EC__4.2.1.55	SRR063561	3
AR1Y2_1116__Enoyl-CoA__dehydratase__EC__4.2.1.55	SRR063562	4
AR1Y2_1116__Enoyl-CoA__dehydratase__EC__4.2.1.55	SRR063563	2
AR1Y2_1116__Enoyl-CoA__dehydratase__EC__4.2.1.55	SRR063565	5
AR1Y2_1116__Enoyl-CoA__dehydratase__EC__4.2.1.55	SRR063566	3
AR1Y2_1116__Enoyl-CoA__dehydratase__EC__4.2.1.55	SRR063567	6
AR1Y2_1116__Enoyl-CoA__dehydratase__EC__4.2.1.55	SRR063568	7
AR1Y2_1116__Enoyl-CoA__dehydratase__EC__4.2.1.55	SRR063569	4
AR1Y2_1116__Enoyl-CoA__dehydratase__EC__4.2.1.55	SRR063570	5
AR1Y2_1116__Enoyl-CoA__dehydratase__EC__4.2.1.55	SRR063571	2
AR1Y2_1116__Enoyl-CoA__dehydratase__EC__4.2.1.55	SRR063572	11
AR1Y2_1116__Enoyl-CoA__dehydratase__EC__4.2.1.55	SRR063573	9
AR1Y2_1116__Enoyl-CoA__dehydratase__EC__4.2.1.55	SRR063574	6
AR1Y2_1116__Enoyl-CoA__dehydratase__EC__4.2.1.55	SRR063575	5
AR1Y2_1116__Enoyl-CoA__dehydratase__EC__4.2.1.55	SRR063576	2
AR1Y2_1116__Enoyl-CoA__dehydratase__EC__4.2.1.55	SRR063577	11
AR1Y2_1116__Enoyl-CoA__dehydratase__EC__4.2.1.55	SRR063578	9
AR1Y2_1116__Enoyl-CoA__dehydratase__EC__4.2.1.55	SRR063579	4
AR1Y2_1116__Enoyl-CoA__dehydratase__EC__4.2.1.55	SRR063580	10
AR1Y2_1116__Enoyl-CoA__dehydratase__EC__4.2.1.55	SRR063581	8
AR1Y2_1116__Enoyl-CoA__dehydratase__EC__4.2.1.55	SRR063582	13
AR1Y2_1116__Enoyl-CoA__dehydratase__EC__4.2.1.55	SRR063584	8
AR1Y2_1116__Enoyl-CoA__dehydratase__EC__4.2.1.55	SRR063585	18
AR1Y2_1116__Enoyl-CoA__dehydratase__EC__4.2.1.55	SRR063586	2
AR1Y2_1116__Enoyl-CoA__dehydratase__EC__4.2.1.55	SRR063587	3
AR1Y2_1116__Enoyl-CoA__dehydratase__EC__4.2.1.55	SRR063588	1
AR1Y2_1116__Enoyl-CoA__dehydratase__EC__4.2.1.55	SRR063589	5
AR1Y2_1116__Enoyl-CoA__dehydratase__EC__4.2.1.55	SRR063801	1
AR1Y2_1116__Enoyl-CoA__dehydratase__EC__4.2.1.55	SRR063802	4
AR1Y2_1116__Enoyl-CoA__dehydratase__EC__4.2.1.55	SRR063898	7
AR1Y2_1116__Enoyl-CoA__dehydratase__EC__4.2.1.55	SRR063899	11
AR1Y2_1116__Enoyl-CoA__dehydratase__EC__4.2.1.55	SRR063900	8
AR1Y2_1116__Enoyl-CoA__dehydratase__EC__4.2.1.55	SRR063901	18
AR1Y2_1116__Enoyl-CoA__dehydratase__EC__4.2.1.55	SRR063902	8
AR1Y2_1116__Enoyl-CoA__dehydratase__EC__4.2.1.55	SRR063903	20
AR1Y2_1116__Enoyl-CoA__dehydratase__EC__4.2.1.55	SRR063904	33
AR1Y2_1116__Enoyl-CoA__dehydratase__EC__4.2.1.55	SRR063905	7
AR1Y2_1116__Enoyl-CoA__dehydratase__EC__4.2.1.55	SRR063906	7
AR1Y2_1116__Enoyl-CoA__dehydratase__EC__4.2.1.55	SRR063907	9
AR1Y2_1116__Enoyl-CoA__dehydratase__EC__4.2.1.55	SRR063908	35
AR1Y2_1116__Enoyl-CoA__dehydratase__EC__4.2.1.55	SRR063909	27
AR1Y2_1117__Acyl-CoA__dehydrogenase__EC__1.3.99.2	SRR061730	39
AR1Y2_1117__Acyl-CoA__dehydrogenase__EC__1.3.99.2	SRR063538	49
AR1Y2_1117__Acyl-CoA__dehydrogenase__EC__1.3.99.2	SRR063539	47
AR1Y2_1117__Acyl-CoA__dehydrogenase__EC__1.3.99.2	SRR063540	3
AR1Y2_1117__Acyl-CoA__dehydrogenase__EC__1.3.99.2	SRR063541	33
AR1Y2_1117__Acyl-CoA__dehydrogenase__EC__1.3.99.2	SRR063542	2
AR1Y2_1117__Acyl-CoA__dehydrogenase__EC__1.3.99.2	SRR063543	16
AR1Y2_1117__Acyl-CoA__dehydrogenase__EC__1.3.99.2	SRR063544	5
AR1Y2_1117__Acyl-CoA__dehydrogenase__EC__1.3.99.2	SRR063545	10
AR1Y2_1117__Acyl-CoA__dehydrogenase__EC__1.3.99.2	SRR063546	50
AR1Y2_1117__Acyl-CoA__dehydrogenase__EC__1.3.99.2	SRR063547	9
AR1Y2_1117__Acyl-CoA__dehydrogenase__EC__1.3.99.2	SRR063548	42
AR1Y2_1117__Acyl-CoA__dehydrogenase__EC__1.3.99.2	SRR063549	43
AR1Y2_1117__Acyl-CoA__dehydrogenase__EC__1.3.99.2	SRR063550	59
AR1Y2_1117__Acyl-CoA__dehydrogenase__EC__1.3.99.2	SRR063551	26
AR1Y2_1117__Acyl-CoA__dehydrogenase__EC__1.3.99.2	SRR063552	44
AR1Y2_1117__Acyl-CoA__dehydrogenase__EC__1.3.99.2	SRR063553	34
AR1Y2_1117__Acyl-CoA__dehydrogenase__EC__1.3.99.2	SRR063554	37
AR1Y2_1117__Acyl-CoA__dehydrogenase__EC__1.3.99.2	SRR063555	28
AR1Y2_1117__Acyl-CoA__dehydrogenase__EC__1.3.99.2	SRR063556	6
AR1Y2_1117__Acyl-CoA__dehydrogenase__EC__1.3.99.2	SRR063557	9
AR1Y2_1117__Acyl-CoA__dehydrogenase__EC__1.3.99.2	SRR063558	8
AR1Y2_1117__Acyl-CoA__dehydrogenase__EC__1.3.99.2	SRR063560	7
AR1Y2_1117__Acyl-CoA__dehydrogenase__EC__1.3.99.2	SRR063561	1
AR1Y2_1117__Acyl-CoA__dehydrogenase__EC__1.3.99.2	SRR063562	10
AR1Y2_1117__Acyl-CoA__dehydrogenase__EC__1.3.99.2	SRR063563	10
AR1Y2_1117__Acyl-CoA__dehydrogenase__EC__1.3.99.2	SRR063564	11
AR1Y2_1117__Acyl-CoA__dehydrogenase__EC__1.3.99.2	SRR063565	41
AR1Y2_1117__Acyl-CoA__dehydrogenase__EC__1.3.99.2	SRR063566	22
AR1Y2_1117__Acyl-CoA__dehydrogenase__EC__1.3.99.2	SRR063567	26
AR1Y2_1117__Acyl-CoA__dehydrogenase__EC__1.3.99.2	SRR063568	23
AR1Y2_1117__Acyl-CoA__dehydrogenase__EC__1.3.99.2	SRR063569	27
AR1Y2_1117__Acyl-CoA__dehydrogenase__EC__1.3.99.2	SRR063570	11
AR1Y2_1117__Acyl-CoA__dehydrogenase__EC__1.3.99.2	SRR063571	8
AR1Y2_1117__Acyl-CoA__dehydrogenase__EC__1.3.99.2	SRR063572	54
AR1Y2_1117__Acyl-CoA__dehydrogenase__EC__1.3.99.2	SRR063573	24
AR1Y2_1117__Acyl-CoA__dehydrogenase__EC__1.3.99.2	SRR063574	21
AR1Y2_1117__Acyl-CoA__dehydrogenase__EC__1.3.99.2	SRR063575	32
AR1Y2_1117__Acyl-CoA__dehydrogenase__EC__1.3.99.2	SRR063576	4
AR1Y2_1117__Acyl-CoA__dehydrogenase__EC__1.3.99.2	SRR063577	15
AR1Y2_1117__Acyl-CoA__dehydrogenase__EC__1.3.99.2	SRR063578	20
AR1Y2_1117__Acyl-CoA__dehydrogenase__EC__1.3.99.2	SRR063579	12
AR1Y2_1117__Acyl-CoA__dehydrogenase__EC__1.3.99.2	SRR063580	31
AR1Y2_1117__Acyl-CoA__dehydrogenase__EC__1.3.99.2	SRR063581	30
AR1Y2_1117__Acyl-CoA__dehydrogenase__EC__1.3.99.2	SRR063582	28
AR1Y2_1117__Acyl-CoA__dehydrogenase__EC__1.3.99.2	SRR063584	28
AR1Y2_1117__Acyl-CoA__dehydrogenase__EC__1.3.99.2	SRR063585	39
AR1Y2_1117__Acyl-CoA__dehydrogenase__EC__1.3.99.2	SRR063586	13
AR1Y2_1117__Acyl-CoA__dehydrogenase__EC__1.3.99.2	SRR063587	16
AR1Y2_1117__Acyl-CoA__dehydrogenase__EC__1.3.99.2	SRR063588	13
AR1Y2_1117__Acyl-CoA__dehydrogenase__EC__1.3.99.2	SRR063589	8
AR1Y2_1117__Acyl-CoA__dehydrogenase__EC__1.3.99.2	SRR063801	7
AR1Y2_1117__Acyl-CoA__dehydrogenase__EC__1.3.99.2	SRR063802	4
AR1Y2_1117__Acyl-CoA__dehydrogenase__EC__1.3.99.2	SRR063898	15
AR1Y2_1117__Acyl-CoA__dehydrogenase__EC__1.3.99.2	SRR063899	21
AR1Y2_1117__Acyl-CoA__dehydrogenase__EC__1.3.99.2	SRR063900	10
AR1Y2_1117__Acyl-CoA__dehydrogenase__EC__1.3.99.2	SRR063901	61
AR1Y2_1117__Acyl-CoA__dehydrogenase__EC__1.3.99.2	SRR063902	52
AR1Y2_1117__Acyl-CoA__dehydrogenase__EC__1.3.99.2	SRR063903	59
AR1Y2_1117__Acyl-CoA__dehydrogenase__EC__1.3.99.2	SRR063904	59
AR1Y2_1117__Acyl-CoA__dehydrogenase__EC__1.3.99.2	SRR063905	13
AR1Y2_1117__Acyl-CoA__dehydrogenase__EC__1.3.99.2	SRR063906	22
AR1Y2_1117__Acyl-CoA__dehydrogenase__EC__1.3.99.2	SRR063907	20
AR1Y2_1117__Acyl-CoA__dehydrogenase__EC__1.3.99.2	SRR063908	49
AR1Y2_1117__Acyl-CoA__dehydrogenase__EC__1.3.99.2	SRR063909	86
AR1Y2_1334__NAD-dependent__glyceraldehyde-3-phosphate__dehydrogenase__EC__1.2.1.12	SRR061730	94
AR1Y2_1334__NAD-dependent__glyceraldehyde-3-phosphate__dehydrogenase__EC__1.2.1.12	SRR063538	72
AR1Y2_1334__NAD-dependent__glyceraldehyde-3-phosphate__dehydrogenase__EC__1.2.1.12	SRR063539	70
AR1Y2_1334__NAD-dependent__glyceraldehyde-3-phosphate__dehydrogenase__EC__1.2.1.12	SRR063540	7
AR1Y2_1334__NAD-dependent__glyceraldehyde-3-phosphate__dehydrogenase__EC__1.2.1.12	SRR063541	68
AR1Y2_1334__NAD-dependent__glyceraldehyde-3-phosphate__dehydrogenase__EC__1.2.1.12	SRR063542	10
AR1Y2_1334__NAD-dependent__glyceraldehyde-3-phosphate__dehydrogenase__EC__1.2.1.12	SRR063543	46
AR1Y2_1334__NAD-dependent__glyceraldehyde-3-phosphate__dehydrogenase__EC__1.2.1.12	SRR063544	37
AR1Y2_1334__NAD-dependent__glyceraldehyde-3-phosphate__dehydrogenase__EC__1.2.1.12	SRR063545	49
AR1Y2_1334__NAD-dependent__glyceraldehyde-3-phosphate__dehydrogenase__EC__1.2.1.12	SRR063546	66
AR1Y2_1334__NAD-dependent__glyceraldehyde-3-phosphate__dehydrogenase__EC__1.2.1.12	SRR063547	37
AR1Y2_1334__NAD-dependent__glyceraldehyde-3-phosphate__dehydrogenase__EC__1.2.1.12	SRR063548	52
AR1Y2_1334__NAD-dependent__glyceraldehyde-3-phosphate__dehydrogenase__EC__1.2.1.12	SRR063549	70
AR1Y2_1334__NAD-dependent__glyceraldehyde-3-phosphate__dehydrogenase__EC__1.2.1.12	SRR063550	88
AR1Y2_1334__NAD-dependent__glyceraldehyde-3-phosphate__dehydrogenase__EC__1.2.1.12	SRR063551	65
AR1Y2_1334__NAD-dependent__glyceraldehyde-3-phosphate__dehydrogenase__EC__1.2.1.12	SRR063552	90
AR1Y2_1334__NAD-dependent__glyceraldehyde-3-phosphate__dehydrogenase__EC__1.2.1.12	SRR063553	50
AR1Y2_1334__NAD-dependent__glyceraldehyde-3-phosphate__dehydrogenase__EC__1.2.1.12	SRR063554	59
AR1Y2_1334__NAD-dependent__glyceraldehyde-3-phosphate__dehydrogenase__EC__1.2.1.12	SRR063555	52
AR1Y2_1334__NAD-dependent__glyceraldehyde-3-phosphate__dehydrogenase__EC__1.2.1.12	SRR063556	43
AR1Y2_1334__NAD-dependent__glyceraldehyde-3-phosphate__dehydrogenase__EC__1.2.1.12	SRR063557	46
AR1Y2_1334__NAD-dependent__glyceraldehyde-3-phosphate__dehydrogenase__EC__1.2.1.12	SRR063558	28
AR1Y2_1334__NAD-dependent__glyceraldehyde-3-phosphate__dehydrogenase__EC__1.2.1.12	SRR063560	15
AR1Y2_1334__NAD-dependent__glyceraldehyde-3-phosphate__dehydrogenase__EC__1.2.1.12	SRR063561	28
AR1Y2_1334__NAD-dependent__glyceraldehyde-3-phosphate__dehydrogenase__EC__1.2.1.12	SRR063562	36
AR1Y2_1334__NAD-dependent__glyceraldehyde-3-phosphate__dehydrogenase__EC__1.2.1.12	SRR063563	37
AR1Y2_1334__NAD-dependent__glyceraldehyde-3-phosphate__dehydrogenase__EC__1.2.1.12	SRR063564	48
AR1Y2_1334__NAD-dependent__glyceraldehyde-3-phosphate__dehydrogenase__EC__1.2.1.12	SRR063565	49
AR1Y2_1334__NAD-dependent__glyceraldehyde-3-phosphate__dehydrogenase__EC__1.2.1.12	SRR063566	39
AR1Y2_1334__NAD-dependent__glyceraldehyde-3-phosphate__dehydrogenase__EC__1.2.1.12	SRR063567	52
AR1Y2_1334__NAD-dependent__glyceraldehyde-3-phosphate__dehydrogenase__EC__1.2.1.12	SRR063568	34
AR1Y2_1334__NAD-dependent__glyceraldehyde-3-phosphate__dehydrogenase__EC__1.2.1.12	SRR063569	56
AR1Y2_1334__NAD-dependent__glyceraldehyde-3-phosphate__dehydrogenase__EC__1.2.1.12	SRR063570	40
AR1Y2_1334__NAD-dependent__glyceraldehyde-3-phosphate__dehydrogenase__EC__1.2.1.12	SRR063571	22
AR1Y2_1334__NAD-dependent__glyceraldehyde-3-phosphate__dehydrogenase__EC__1.2.1.12	SRR063572	58
AR1Y2_1334__NAD-dependent__glyceraldehyde-3-phosphate__dehydrogenase__EC__1.2.1.12	SRR063573	47
AR1Y2_1334__NAD-dependent__glyceraldehyde-3-phosphate__dehydrogenase__EC__1.2.1.12	SRR063574	55
AR1Y2_1334__NAD-dependent__glyceraldehyde-3-phosphate__dehydrogenase__EC__1.2.1.12	SRR063575	60
AR1Y2_1334__NAD-dependent__glyceraldehyde-3-phosphate__dehydrogenase__EC__1.2.1.12	SRR063576	18
AR1Y2_1334__NAD-dependent__glyceraldehyde-3-phosphate__dehydrogenase__EC__1.2.1.12	SRR063577	33
AR1Y2_1334__NAD-dependent__glyceraldehyde-3-phosphate__dehydrogenase__EC__1.2.1.12	SRR063578	38
AR1Y2_1334__NAD-dependent__glyceraldehyde-3-phosphate__dehydrogenase__EC__1.2.1.12	SRR063579	43
AR1Y2_1334__NAD-dependent__glyceraldehyde-3-phosphate__dehydrogenase__EC__1.2.1.12	SRR063580	55
AR1Y2_1334__NAD-dependent__glyceraldehyde-3-phosphate__dehydrogenase__EC__1.2.1.12	SRR063581	64
AR1Y2_1334__NAD-dependent__glyceraldehyde-3-phosphate__dehydrogenase__EC__1.2.1.12	SRR063582	47
AR1Y2_1334__NAD-dependent__glyceraldehyde-3-phosphate__dehydrogenase__EC__1.2.1.12	SRR063584	64
AR1Y2_1334__NAD-dependent__glyceraldehyde-3-phosphate__dehydrogenase__EC__1.2.1.12	SRR063585	67
AR1Y2_1334__NAD-dependent__glyceraldehyde-3-phosphate__dehydrogenase__EC__1.2.1.12	SRR063586	27
AR1Y2_1334__NAD-dependent__glyceraldehyde-3-phosphate__dehydrogenase__EC__1.2.1.12	SRR063587	31
AR1Y2_1334__NAD-dependent__glyceraldehyde-3-phosphate__dehydrogenase__EC__1.2.1.12	SRR063588	46
AR1Y2_1334__NAD-dependent__glyceraldehyde-3-phosphate__dehydrogenase__EC__1.2.1.12	SRR063589	27
AR1Y2_1334__NAD-dependent__glyceraldehyde-3-phosphate__dehydrogenase__EC__1.2.1.12	SRR063801	69
AR1Y2_1334__NAD-dependent__glyceraldehyde-3-phosphate__dehydrogenase__EC__1.2.1.12	SRR063802	39
AR1Y2_1334__NAD-dependent__glyceraldehyde-3-phosphate__dehydrogenase__EC__1.2.1.12	SRR063898	57
AR1Y2_1334__NAD-dependent__glyceraldehyde-3-phosphate__dehydrogenase__EC__1.2.1.12	SRR063899	68
AR1Y2_1334__NAD-dependent__glyceraldehyde-3-phosphate__dehydrogenase__EC__1.2.1.12	SRR063900	76
AR1Y2_1334__NAD-dependent__glyceraldehyde-3-phosphate__dehydrogenase__EC__1.2.1.12	SRR063901	112
AR1Y2_1334__NAD-dependent__glyceraldehyde-3-phosphate__dehydrogenase__EC__1.2.1.12	SRR063902	118
AR1Y2_1334__NAD-dependent__glyceraldehyde-3-phosphate__dehydrogenase__EC__1.2.1.12	SRR063903	116
AR1Y2_1334__NAD-dependent__glyceraldehyde-3-phosphate__dehydrogenase__EC__1.2.1.12	SRR063904	134
AR1Y2_1334__NAD-dependent__glyceraldehyde-3-phosphate__dehydrogenase__EC__1.2.1.12	SRR063905	60
AR1Y2_1334__NAD-dependent__glyceraldehyde-3-phosphate__dehydrogenase__EC__1.2.1.12	SRR063906	88
AR1Y2_1334__NAD-dependent__glyceraldehyde-3-phosphate__dehydrogenase__EC__1.2.1.12	SRR063907	51
AR1Y2_1334__NAD-dependent__glyceraldehyde-3-phosphate__dehydrogenase__EC__1.2.1.12	SRR063908	136
AR1Y2_1334__NAD-dependent__glyceraldehyde-3-phosphate__dehydrogenase__EC__1.2.1.12	SRR063909	135
AR1Y2_1335__Phosphoglycerate__kinase__EC__2.7.2.3	SRR061730	174
AR1Y2_1335__Phosphoglycerate__kinase__EC__2.7.2.3	SRR063538	132
AR1Y2_1335__Phosphoglycerate__kinase__EC__2.7.2.3	SRR063539	121
AR1Y2_1335__Phosphoglycerate__kinase__EC__2.7.2.3	SRR063540	9
AR1Y2_1335__Phosphoglycerate__kinase__EC__2.7.2.3	SRR063541	74
AR1Y2_1335__Phosphoglycerate__kinase__EC__2.7.2.3	SRR063542	5
AR1Y2_1335__Phosphoglycerate__kinase__EC__2.7.2.3	SRR063543	61
AR1Y2_1335__Phosphoglycerate__kinase__EC__2.7.2.3	SRR063544	67
AR1Y2_1335__Phosphoglycerate__kinase__EC__2.7.2.3	SRR063545	62
AR1Y2_1335__Phosphoglycerate__kinase__EC__2.7.2.3	SRR063546	83
AR1Y2_1335__Phosphoglycerate__kinase__EC__2.7.2.3	SRR063547	63
AR1Y2_1335__Phosphoglycerate__kinase__EC__2.7.2.3	SRR063548	109
AR1Y2_1335__Phosphoglycerate__kinase__EC__2.7.2.3	SRR063549	131
AR1Y2_1335__Phosphoglycerate__kinase__EC__2.7.2.3	SRR063550	114
AR1Y2_1335__Phosphoglycerate__kinase__EC__2.7.2.3	SRR063551	123
AR1Y2_1335__Phosphoglycerate__kinase__EC__2.7.2.3	SRR063552	103
AR1Y2_1335__Phosphoglycerate__kinase__EC__2.7.2.3	SRR063553	124
AR1Y2_1335__Phosphoglycerate__kinase__EC__2.7.2.3	SRR063554	131
AR1Y2_1335__Phosphoglycerate__kinase__EC__2.7.2.3	SRR063555	78
AR1Y2_1335__Phosphoglycerate__kinase__EC__2.7.2.3	SRR063556	102
AR1Y2_1335__Phosphoglycerate__kinase__EC__2.7.2.3	SRR063557	69
AR1Y2_1335__Phosphoglycerate__kinase__EC__2.7.2.3	SRR063558	64
AR1Y2_1335__Phosphoglycerate__kinase__EC__2.7.2.3	SRR063560	41
AR1Y2_1335__Phosphoglycerate__kinase__EC__2.7.2.3	SRR063561	64
AR1Y2_1335__Phosphoglycerate__kinase__EC__2.7.2.3	SRR063562	104
AR1Y2_1335__Phosphoglycerate__kinase__EC__2.7.2.3	SRR063563	79
AR1Y2_1335__Phosphoglycerate__kinase__EC__2.7.2.3	SRR063564	83
AR1Y2_1335__Phosphoglycerate__kinase__EC__2.7.2.3	SRR063565	106
AR1Y2_1335__Phosphoglycerate__kinase__EC__2.7.2.3	SRR063566	53
AR1Y2_1335__Phosphoglycerate__kinase__EC__2.7.2.3	SRR063567	81
AR1Y2_1335__Phosphoglycerate__kinase__EC__2.7.2.3	SRR063568	66
AR1Y2_1335__Phosphoglycerate__kinase__EC__2.7.2.3	SRR063569	66
AR1Y2_1335__Phosphoglycerate__kinase__EC__2.7.2.3	SRR063570	66
AR1Y2_1335__Phosphoglycerate__kinase__EC__2.7.2.3	SRR063571	39
AR1Y2_1335__Phosphoglycerate__kinase__EC__2.7.2.3	SRR063572	87
AR1Y2_1335__Phosphoglycerate__kinase__EC__2.7.2.3	SRR063573	78
AR1Y2_1335__Phosphoglycerate__kinase__EC__2.7.2.3	SRR063574	88
AR1Y2_1335__Phosphoglycerate__kinase__EC__2.7.2.3	SRR063575	81
AR1Y2_1335__Phosphoglycerate__kinase__EC__2.7.2.3	SRR063576	31
AR1Y2_1335__Phosphoglycerate__kinase__EC__2.7.2.3	SRR063577	76
AR1Y2_1335__Phosphoglycerate__kinase__EC__2.7.2.3	SRR063578	59
AR1Y2_1335__Phosphoglycerate__kinase__EC__2.7.2.3	SRR063579	101
AR1Y2_1335__Phosphoglycerate__kinase__EC__2.7.2.3	SRR063580	92
AR1Y2_1335__Phosphoglycerate__kinase__EC__2.7.2.3	SRR063581	97
AR1Y2_1335__Phosphoglycerate__kinase__EC__2.7.2.3	SRR063582	90
AR1Y2_1335__Phosphoglycerate__kinase__EC__2.7.2.3	SRR063584	94
AR1Y2_1335__Phosphoglycerate__kinase__EC__2.7.2.3	SRR063585	105
AR1Y2_1335__Phosphoglycerate__kinase__EC__2.7.2.3	SRR063586	86
AR1Y2_1335__Phosphoglycerate__kinase__EC__2.7.2.3	SRR063587	86
AR1Y2_1335__Phosphoglycerate__kinase__EC__2.7.2.3	SRR063588	114
AR1Y2_1335__Phosphoglycerate__kinase__EC__2.7.2.3	SRR063589	85
AR1Y2_1335__Phosphoglycerate__kinase__EC__2.7.2.3	SRR063801	138
AR1Y2_1335__Phosphoglycerate__kinase__EC__2.7.2.3	SRR063802	76
AR1Y2_1335__Phosphoglycerate__kinase__EC__2.7.2.3	SRR063898	140
AR1Y2_1335__Phosphoglycerate__kinase__EC__2.7.2.3	SRR063899	135
AR1Y2_1335__Phosphoglycerate__kinase__EC__2.7.2.3	SRR063900	103
AR1Y2_1335__Phosphoglycerate__kinase__EC__2.7.2.3	SRR063901	209
AR1Y2_1335__Phosphoglycerate__kinase__EC__2.7.2.3	SRR063902	156
AR1Y2_1335__Phosphoglycerate__kinase__EC__2.7.2.3	SRR063903	186
AR1Y2_1335__Phosphoglycerate__kinase__EC__2.7.2.3	SRR063904	225
AR1Y2_1335__Phosphoglycerate__kinase__EC__2.7.2.3	SRR063905	118
AR1Y2_1335__Phosphoglycerate__kinase__EC__2.7.2.3	SRR063906	131
AR1Y2_1335__Phosphoglycerate__kinase__EC__2.7.2.3	SRR063907	65
AR1Y2_1335__Phosphoglycerate__kinase__EC__2.7.2.3	SRR063908	204
AR1Y2_1335__Phosphoglycerate__kinase__EC__2.7.2.3	SRR063909	192
AR1Y2_1336__Glyceraldehyde-3-phospahte__ketol-isomerase__EC__5.3.1.1	SRR061730	86
AR1Y2_1336__Glyceraldehyde-3-phospahte__ketol-isomerase__EC__5.3.1.1	SRR063538	69
AR1Y2_1336__Glyceraldehyde-3-phospahte__ketol-isomerase__EC__5.3.1.1	SRR063539	60
AR1Y2_1336__Glyceraldehyde-3-phospahte__ketol-isomerase__EC__5.3.1.1	SRR063540	3
AR1Y2_1336__Glyceraldehyde-3-phospahte__ketol-isomerase__EC__5.3.1.1	SRR063541	63
AR1Y2_1336__Glyceraldehyde-3-phospahte__ketol-isomerase__EC__5.3.1.1	SRR063542	5
AR1Y2_1336__Glyceraldehyde-3-phospahte__ketol-isomerase__EC__5.3.1.1	SRR063543	51
AR1Y2_1336__Glyceraldehyde-3-phospahte__ketol-isomerase__EC__5.3.1.1	SRR063544	43
AR1Y2_1336__Glyceraldehyde-3-phospahte__ketol-isomerase__EC__5.3.1.1	SRR063545	34
AR1Y2_1336__Glyceraldehyde-3-phospahte__ketol-isomerase__EC__5.3.1.1	SRR063546	51
AR1Y2_1336__Glyceraldehyde-3-phospahte__ketol-isomerase__EC__5.3.1.1	SRR063547	45
AR1Y2_1336__Glyceraldehyde-3-phospahte__ketol-isomerase__EC__5.3.1.1	SRR063548	55
AR1Y2_1336__Glyceraldehyde-3-phospahte__ketol-isomerase__EC__5.3.1.1	SRR063549	68
AR1Y2_1336__Glyceraldehyde-3-phospahte__ketol-isomerase__EC__5.3.1.1	SRR063550	69
AR1Y2_1336__Glyceraldehyde-3-phospahte__ketol-isomerase__EC__5.3.1.1	SRR063551	54
AR1Y2_1336__Glyceraldehyde-3-phospahte__ketol-isomerase__EC__5.3.1.1	SRR063552	73
AR1Y2_1336__Glyceraldehyde-3-phospahte__ketol-isomerase__EC__5.3.1.1	SRR063553	61
AR1Y2_1336__Glyceraldehyde-3-phospahte__ketol-isomerase__EC__5.3.1.1	SRR063554	41
AR1Y2_1336__Glyceraldehyde-3-phospahte__ketol-isomerase__EC__5.3.1.1	SRR063555	63
AR1Y2_1336__Glyceraldehyde-3-phospahte__ketol-isomerase__EC__5.3.1.1	SRR063556	61
AR1Y2_1336__Glyceraldehyde-3-phospahte__ketol-isomerase__EC__5.3.1.1	SRR063557	34
AR1Y2_1336__Glyceraldehyde-3-phospahte__ketol-isomerase__EC__5.3.1.1	SRR063558	29
AR1Y2_1336__Glyceraldehyde-3-phospahte__ketol-isomerase__EC__5.3.1.1	SRR063560	26
AR1Y2_1336__Glyceraldehyde-3-phospahte__ketol-isomerase__EC__5.3.1.1	SRR063561	37
AR1Y2_1336__Glyceraldehyde-3-phospahte__ketol-isomerase__EC__5.3.1.1	SRR063562	48
AR1Y2_1336__Glyceraldehyde-3-phospahte__ketol-isomerase__EC__5.3.1.1	SRR063563	39
AR1Y2_1336__Glyceraldehyde-3-phospahte__ketol-isomerase__EC__5.3.1.1	SRR063564	54
AR1Y2_1336__Glyceraldehyde-3-phospahte__ketol-isomerase__EC__5.3.1.1	SRR063565	54
AR1Y2_1336__Glyceraldehyde-3-phospahte__ketol-isomerase__EC__5.3.1.1	SRR063566	25
AR1Y2_1336__Glyceraldehyde-3-phospahte__ketol-isomerase__EC__5.3.1.1	SRR063567	26
AR1Y2_1336__Glyceraldehyde-3-phospahte__ketol-isomerase__EC__5.3.1.1	SRR063568	34
AR1Y2_1336__Glyceraldehyde-3-phospahte__ketol-isomerase__EC__5.3.1.1	SRR063569	37
AR1Y2_1336__Glyceraldehyde-3-phospahte__ketol-isomerase__EC__5.3.1.1	SRR063570	40
AR1Y2_1336__Glyceraldehyde-3-phospahte__ketol-isomerase__EC__5.3.1.1	SRR063571	20
AR1Y2_1336__Glyceraldehyde-3-phospahte__ketol-isomerase__EC__5.3.1.1	SRR063572	52
AR1Y2_1336__Glyceraldehyde-3-phospahte__ketol-isomerase__EC__5.3.1.1	SRR063573	48
AR1Y2_1336__Glyceraldehyde-3-phospahte__ketol-isomerase__EC__5.3.1.1	SRR063574	54
AR1Y2_1336__Glyceraldehyde-3-phospahte__ketol-isomerase__EC__5.3.1.1	SRR063575	65
AR1Y2_1336__Glyceraldehyde-3-phospahte__ketol-isomerase__EC__5.3.1.1	SRR063576	22
AR1Y2_1336__Glyceraldehyde-3-phospahte__ketol-isomerase__EC__5.3.1.1	SRR063577	44
AR1Y2_1336__Glyceraldehyde-3-phospahte__ketol-isomerase__EC__5.3.1.1	SRR063578	36
AR1Y2_1336__Glyceraldehyde-3-phospahte__ketol-isomerase__EC__5.3.1.1	SRR063579	40
AR1Y2_1336__Glyceraldehyde-3-phospahte__ketol-isomerase__EC__5.3.1.1	SRR063580	50
AR1Y2_1336__Glyceraldehyde-3-phospahte__ketol-isomerase__EC__5.3.1.1	SRR063581	63
AR1Y2_1336__Glyceraldehyde-3-phospahte__ketol-isomerase__EC__5.3.1.1	SRR063582	56
AR1Y2_1336__Glyceraldehyde-3-phospahte__ketol-isomerase__EC__5.3.1.1	SRR063584	67
AR1Y2_1336__Glyceraldehyde-3-phospahte__ketol-isomerase__EC__5.3.1.1	SRR063585	78
AR1Y2_1336__Glyceraldehyde-3-phospahte__ketol-isomerase__EC__5.3.1.1	SRR063586	57
AR1Y2_1336__Glyceraldehyde-3-phospahte__ketol-isomerase__EC__5.3.1.1	SRR063587	47
AR1Y2_1336__Glyceraldehyde-3-phospahte__ketol-isomerase__EC__5.3.1.1	SRR063588	59
AR1Y2_1336__Glyceraldehyde-3-phospahte__ketol-isomerase__EC__5.3.1.1	SRR063589	35
AR1Y2_1336__Glyceraldehyde-3-phospahte__ketol-isomerase__EC__5.3.1.1	SRR063801	69
AR1Y2_1336__Glyceraldehyde-3-phospahte__ketol-isomerase__EC__5.3.1.1	SRR063802	41
AR1Y2_1336__Glyceraldehyde-3-phospahte__ketol-isomerase__EC__5.3.1.1	SRR063898	68
AR1Y2_1336__Glyceraldehyde-3-phospahte__ketol-isomerase__EC__5.3.1.1	SRR063899	78
AR1Y2_1336__Glyceraldehyde-3-phospahte__ketol-isomerase__EC__5.3.1.1	SRR063900	69
AR1Y2_1336__Glyceraldehyde-3-phospahte__ketol-isomerase__EC__5.3.1.1	SRR063901	132
AR1Y2_1336__Glyceraldehyde-3-phospahte__ketol-isomerase__EC__5.3.1.1	SRR063902	68
AR1Y2_1336__Glyceraldehyde-3-phospahte__ketol-isomerase__EC__5.3.1.1	SRR063903	112
AR1Y2_1336__Glyceraldehyde-3-phospahte__ketol-isomerase__EC__5.3.1.1	SRR063904	114
AR1Y2_1336__Glyceraldehyde-3-phospahte__ketol-isomerase__EC__5.3.1.1	SRR063905	60
AR1Y2_1336__Glyceraldehyde-3-phospahte__ketol-isomerase__EC__5.3.1.1	SRR063906	79
AR1Y2_1336__Glyceraldehyde-3-phospahte__ketol-isomerase__EC__5.3.1.1	SRR063907	38
AR1Y2_1336__Glyceraldehyde-3-phospahte__ketol-isomerase__EC__5.3.1.1	SRR063908	110
AR1Y2_1336__Glyceraldehyde-3-phospahte__ketol-isomerase__EC__5.3.1.1	SRR063909	101
AR1Y2_1414__Acetaldehyde__dehydrogenase__EC__1.2.1.10	SRR061730	47
AR1Y2_1414__Acetaldehyde__dehydrogenase__EC__1.2.1.10	SRR063538	54
AR1Y2_1414__Acetaldehyde__dehydrogenase__EC__1.2.1.10	SRR063539	52
AR1Y2_1414__Acetaldehyde__dehydrogenase__EC__1.2.1.10	SRR063540	3
AR1Y2_1414__Acetaldehyde__dehydrogenase__EC__1.2.1.10	SRR063541	47
AR1Y2_1414__Acetaldehyde__dehydrogenase__EC__1.2.1.10	SRR063542	4
AR1Y2_1414__Acetaldehyde__dehydrogenase__EC__1.2.1.10	SRR063543	53
AR1Y2_1414__Acetaldehyde__dehydrogenase__EC__1.2.1.10	SRR063544	36
AR1Y2_1414__Acetaldehyde__dehydrogenase__EC__1.2.1.10	SRR063545	27
AR1Y2_1414__Acetaldehyde__dehydrogenase__EC__1.2.1.10	SRR063546	50
AR1Y2_1414__Acetaldehyde__dehydrogenase__EC__1.2.1.10	SRR063547	35
AR1Y2_1414__Acetaldehyde__dehydrogenase__EC__1.2.1.10	SRR063548	50
AR1Y2_1414__Acetaldehyde__dehydrogenase__EC__1.2.1.10	SRR063549	51
AR1Y2_1414__Acetaldehyde__dehydrogenase__EC__1.2.1.10	SRR063550	79
AR1Y2_1414__Acetaldehyde__dehydrogenase__EC__1.2.1.10	SRR063551	19
AR1Y2_1414__Acetaldehyde__dehydrogenase__EC__1.2.1.10	SRR063552	67
AR1Y2_1414__Acetaldehyde__dehydrogenase__EC__1.2.1.10	SRR063553	18
AR1Y2_1414__Acetaldehyde__dehydrogenase__EC__1.2.1.10	SRR063554	29
AR1Y2_1414__Acetaldehyde__dehydrogenase__EC__1.2.1.10	SRR063555	20
AR1Y2_1414__Acetaldehyde__dehydrogenase__EC__1.2.1.10	SRR063556	28
AR1Y2_1414__Acetaldehyde__dehydrogenase__EC__1.2.1.10	SRR063557	16
AR1Y2_1414__Acetaldehyde__dehydrogenase__EC__1.2.1.10	SRR063558	13
AR1Y2_1414__Acetaldehyde__dehydrogenase__EC__1.2.1.10	SRR063560	13
AR1Y2_1414__Acetaldehyde__dehydrogenase__EC__1.2.1.10	SRR063561	15
AR1Y2_1414__Acetaldehyde__dehydrogenase__EC__1.2.1.10	SRR063562	20
AR1Y2_1414__Acetaldehyde__dehydrogenase__EC__1.2.1.10	SRR063563	19
AR1Y2_1414__Acetaldehyde__dehydrogenase__EC__1.2.1.10	SRR063564	19
AR1Y2_1414__Acetaldehyde__dehydrogenase__EC__1.2.1.10	SRR063565	49
AR1Y2_1414__Acetaldehyde__dehydrogenase__EC__1.2.1.10	SRR063566	24
AR1Y2_1414__Acetaldehyde__dehydrogenase__EC__1.2.1.10	SRR063567	22
AR1Y2_1414__Acetaldehyde__dehydrogenase__EC__1.2.1.10	SRR063568	36
AR1Y2_1414__Acetaldehyde__dehydrogenase__EC__1.2.1.10	SRR063569	28
AR1Y2_1414__Acetaldehyde__dehydrogenase__EC__1.2.1.10	SRR063570	9
AR1Y2_1414__Acetaldehyde__dehydrogenase__EC__1.2.1.10	SRR063571	6
AR1Y2_1414__Acetaldehyde__dehydrogenase__EC__1.2.1.10	SRR063572	35
AR1Y2_1414__Acetaldehyde__dehydrogenase__EC__1.2.1.10	SRR063573	45
AR1Y2_1414__Acetaldehyde__dehydrogenase__EC__1.2.1.10	SRR063574	28
AR1Y2_1414__Acetaldehyde__dehydrogenase__EC__1.2.1.10	SRR063575	38
AR1Y2_1414__Acetaldehyde__dehydrogenase__EC__1.2.1.10	SRR063576	14
AR1Y2_1414__Acetaldehyde__dehydrogenase__EC__1.2.1.10	SRR063577	40
AR1Y2_1414__Acetaldehyde__dehydrogenase__EC__1.2.1.10	SRR063578	27
AR1Y2_1414__Acetaldehyde__dehydrogenase__EC__1.2.1.10	SRR063579	22
AR1Y2_1414__Acetaldehyde__dehydrogenase__EC__1.2.1.10	SRR063580	41
AR1Y2_1414__Acetaldehyde__dehydrogenase__EC__1.2.1.10	SRR063581	46
AR1Y2_1414__Acetaldehyde__dehydrogenase__EC__1.2.1.10	SRR063582	37
AR1Y2_1414__Acetaldehyde__dehydrogenase__EC__1.2.1.10	SRR063584	44
AR1Y2_1414__Acetaldehyde__dehydrogenase__EC__1.2.1.10	SRR063585	42
AR1Y2_1414__Acetaldehyde__dehydrogenase__EC__1.2.1.10	SRR063586	32
AR1Y2_1414__Acetaldehyde__dehydrogenase__EC__1.2.1.10	SRR063587	24
AR1Y2_1414__Acetaldehyde__dehydrogenase__EC__1.2.1.10	SRR063588	32
AR1Y2_1414__Acetaldehyde__dehydrogenase__EC__1.2.1.10	SRR063589	20
AR1Y2_1414__Acetaldehyde__dehydrogenase__EC__1.2.1.10	SRR063801	40
AR1Y2_1414__Acetaldehyde__dehydrogenase__EC__1.2.1.10	SRR063802	26
AR1Y2_1414__Acetaldehyde__dehydrogenase__EC__1.2.1.10	SRR063898	44
AR1Y2_1414__Acetaldehyde__dehydrogenase__EC__1.2.1.10	SRR063899	78
AR1Y2_1414__Acetaldehyde__dehydrogenase__EC__1.2.1.10	SRR063900	60
AR1Y2_1414__Acetaldehyde__dehydrogenase__EC__1.2.1.10	SRR063901	91
AR1Y2_1414__Acetaldehyde__dehydrogenase__EC__1.2.1.10	SRR063902	70
AR1Y2_1414__Acetaldehyde__dehydrogenase__EC__1.2.1.10	SRR063903	80
AR1Y2_1414__Acetaldehyde__dehydrogenase__EC__1.2.1.10	SRR063904	113
AR1Y2_1414__Acetaldehyde__dehydrogenase__EC__1.2.1.10	SRR063905	34
AR1Y2_1414__Acetaldehyde__dehydrogenase__EC__1.2.1.10	SRR063906	38
AR1Y2_1414__Acetaldehyde__dehydrogenase__EC__1.2.1.10	SRR063907	50
AR1Y2_1414__Acetaldehyde__dehydrogenase__EC__1.2.1.10	SRR063908	91
AR1Y2_1414__Acetaldehyde__dehydrogenase__EC__1.2.1.10	SRR063909	103
AR1Y2_2121__alcohol__dehydrogenase	SRR063538	2
AR1Y2_2121__alcohol__dehydrogenase	SRR063543	2
AR1Y2_2121__alcohol__dehydrogenase	SRR063544	1
AR1Y2_2121__alcohol__dehydrogenase	SRR063545	1
AR1Y2_2121__alcohol__dehydrogenase	SRR063546	4
AR1Y2_2121__alcohol__dehydrogenase	SRR063547	1
AR1Y2_2121__alcohol__dehydrogenase	SRR063549	1
AR1Y2_2121__alcohol__dehydrogenase	SRR063550	1
AR1Y2_2121__alcohol__dehydrogenase	SRR063552	2
AR1Y2_2121__alcohol__dehydrogenase	SRR063561	1
AR1Y2_2121__alcohol__dehydrogenase	SRR063565	1
AR1Y2_2121__alcohol__dehydrogenase	SRR063574	1
AR1Y2_2121__alcohol__dehydrogenase	SRR063581	2
AR1Y2_2121__alcohol__dehydrogenase	SRR063899	2
AR1Y2_2121__alcohol__dehydrogenase	SRR063900	1
AR1Y2_2121__alcohol__dehydrogenase	SRR063901	3
AR1Y2_2121__alcohol__dehydrogenase	SRR063903	3
AR1Y2_2121__alcohol__dehydrogenase	SRR063904	5
AR1Y2_2121__alcohol__dehydrogenase	SRR063905	1
AR1Y2_2121__alcohol__dehydrogenase	SRR063907	3
AR1Y2_2121__alcohol__dehydrogenase	SRR063908	5
AR1Y2_2121__alcohol__dehydrogenase	SRR063909	6
AR1Y2_2344__Pyruvate__kinase__EC__2.7.1.40	SRR061730	121
AR1Y2_2344__Pyruvate__kinase__EC__2.7.1.40	SRR063538	89
AR1Y2_2344__Pyruvate__kinase__EC__2.7.1.40	SRR063539	77
AR1Y2_2344__Pyruvate__kinase__EC__2.7.1.40	SRR063540	5
AR1Y2_2344__Pyruvate__kinase__EC__2.7.1.40	SRR063541	66
AR1Y2_2344__Pyruvate__kinase__EC__2.7.1.40	SRR063542	6
AR1Y2_2344__Pyruvate__kinase__EC__2.7.1.40	SRR063543	72
AR1Y2_2344__Pyruvate__kinase__EC__2.7.1.40	SRR063544	64
AR1Y2_2344__Pyruvate__kinase__EC__2.7.1.40	SRR063545	77
AR1Y2_2344__Pyruvate__kinase__EC__2.7.1.40	SRR063546	69
AR1Y2_2344__Pyruvate__kinase__EC__2.7.1.40	SRR063547	58
AR1Y2_2344__Pyruvate__kinase__EC__2.7.1.40	SRR063548	82
AR1Y2_2344__Pyruvate__kinase__EC__2.7.1.40	SRR063549	83
AR1Y2_2344__Pyruvate__kinase__EC__2.7.1.40	SRR063550	116
AR1Y2_2344__Pyruvate__kinase__EC__2.7.1.40	SRR063551	81
AR1Y2_2344__Pyruvate__kinase__EC__2.7.1.40	SRR063552	82
AR1Y2_2344__Pyruvate__kinase__EC__2.7.1.40	SRR063553	61
AR1Y2_2344__Pyruvate__kinase__EC__2.7.1.40	SRR063554	60
AR1Y2_2344__Pyruvate__kinase__EC__2.7.1.40	SRR063555	75
AR1Y2_2344__Pyruvate__kinase__EC__2.7.1.40	SRR063556	73
AR1Y2_2344__Pyruvate__kinase__EC__2.7.1.40	SRR063557	58
AR1Y2_2344__Pyruvate__kinase__EC__2.7.1.40	SRR063558	51
AR1Y2_2344__Pyruvate__kinase__EC__2.7.1.40	SRR063560	33
AR1Y2_2344__Pyruvate__kinase__EC__2.7.1.40	SRR063561	53
AR1Y2_2344__Pyruvate__kinase__EC__2.7.1.40	SRR063562	72
AR1Y2_2344__Pyruvate__kinase__EC__2.7.1.40	SRR063563	66
AR1Y2_2344__Pyruvate__kinase__EC__2.7.1.40	SRR063564	68
AR1Y2_2344__Pyruvate__kinase__EC__2.7.1.40	SRR063565	78
AR1Y2_2344__Pyruvate__kinase__EC__2.7.1.40	SRR063566	39
AR1Y2_2344__Pyruvate__kinase__EC__2.7.1.40	SRR063567	52
AR1Y2_2344__Pyruvate__kinase__EC__2.7.1.40	SRR063568	51
AR1Y2_2344__Pyruvate__kinase__EC__2.7.1.40	SRR063569	48
AR1Y2_2344__Pyruvate__kinase__EC__2.7.1.40	SRR063570	55
AR1Y2_2344__Pyruvate__kinase__EC__2.7.1.40	SRR063571	30
AR1Y2_2344__Pyruvate__kinase__EC__2.7.1.40	SRR063572	70
AR1Y2_2344__Pyruvate__kinase__EC__2.7.1.40	SRR063573	55
AR1Y2_2344__Pyruvate__kinase__EC__2.7.1.40	SRR063574	73
AR1Y2_2344__Pyruvate__kinase__EC__2.7.1.40	SRR063575	69
AR1Y2_2344__Pyruvate__kinase__EC__2.7.1.40	SRR063576	37
AR1Y2_2344__Pyruvate__kinase__EC__2.7.1.40	SRR063577	56
AR1Y2_2344__Pyruvate__kinase__EC__2.7.1.40	SRR063578	49
AR1Y2_2344__Pyruvate__kinase__EC__2.7.1.40	SRR063579	61
AR1Y2_2344__Pyruvate__kinase__EC__2.7.1.40	SRR063580	63
AR1Y2_2344__Pyruvate__kinase__EC__2.7.1.40	SRR063581	72
AR1Y2_2344__Pyruvate__kinase__EC__2.7.1.40	SRR063582	64
AR1Y2_2344__Pyruvate__kinase__EC__2.7.1.40	SRR063584	68
AR1Y2_2344__Pyruvate__kinase__EC__2.7.1.40	SRR063585	85
AR1Y2_2344__Pyruvate__kinase__EC__2.7.1.40	SRR063586	38
AR1Y2_2344__Pyruvate__kinase__EC__2.7.1.40	SRR063587	47
AR1Y2_2344__Pyruvate__kinase__EC__2.7.1.40	SRR063588	67
AR1Y2_2344__Pyruvate__kinase__EC__2.7.1.40	SRR063589	46
AR1Y2_2344__Pyruvate__kinase__EC__2.7.1.40	SRR063801	84
AR1Y2_2344__Pyruvate__kinase__EC__2.7.1.40	SRR063802	58
AR1Y2_2344__Pyruvate__kinase__EC__2.7.1.40	SRR063898	92
AR1Y2_2344__Pyruvate__kinase__EC__2.7.1.40	SRR063899	103
AR1Y2_2344__Pyruvate__kinase__EC__2.7.1.40	SRR063900	91
AR1Y2_2344__Pyruvate__kinase__EC__2.7.1.40	SRR063901	135
AR1Y2_2344__Pyruvate__kinase__EC__2.7.1.40	SRR063902	94
AR1Y2_2344__Pyruvate__kinase__EC__2.7.1.40	SRR063903	107
AR1Y2_2344__Pyruvate__kinase__EC__2.7.1.40	SRR063904	112
AR1Y2_2344__Pyruvate__kinase__EC__2.7.1.40	SRR063905	63
AR1Y2_2344__Pyruvate__kinase__EC__2.7.1.40	SRR063906	111
AR1Y2_2344__Pyruvate__kinase__EC__2.7.1.40	SRR063907	60
AR1Y2_2344__Pyruvate__kinase__EC__2.7.1.40	SRR063908	136
AR1Y2_2344__Pyruvate__kinase__EC__2.7.1.40	SRR063909	139
AR1Y2_2463__L-lactate__dehydrogenase__EC__1.1.1.27	SRR061730	28
AR1Y2_2463__L-lactate__dehydrogenase__EC__1.1.1.27	SRR063538	19
AR1Y2_2463__L-lactate__dehydrogenase__EC__1.1.1.27	SRR063539	11
AR1Y2_2463__L-lactate__dehydrogenase__EC__1.1.1.27	SRR063541	9
AR1Y2_2463__L-lactate__dehydrogenase__EC__1.1.1.27	SRR063542	3
AR1Y2_2463__L-lactate__dehydrogenase__EC__1.1.1.27	SRR063543	12
AR1Y2_2463__L-lactate__dehydrogenase__EC__1.1.1.27	SRR063544	14
AR1Y2_2463__L-lactate__dehydrogenase__EC__1.1.1.27	SRR063545	13
AR1Y2_2463__L-lactate__dehydrogenase__EC__1.1.1.27	SRR063546	7
AR1Y2_2463__L-lactate__dehydrogenase__EC__1.1.1.27	SRR063547	10
AR1Y2_2463__L-lactate__dehydrogenase__EC__1.1.1.27	SRR063548	16
AR1Y2_2463__L-lactate__dehydrogenase__EC__1.1.1.27	SRR063549	16
AR1Y2_2463__L-lactate__dehydrogenase__EC__1.1.1.27	SRR063550	13
AR1Y2_2463__L-lactate__dehydrogenase__EC__1.1.1.27	SRR063551	19
AR1Y2_2463__L-lactate__dehydrogenase__EC__1.1.1.27	SRR063552	16
AR1Y2_2463__L-lactate__dehydrogenase__EC__1.1.1.27	SRR063553	20
AR1Y2_2463__L-lactate__dehydrogenase__EC__1.1.1.27	SRR063554	9
AR1Y2_2463__L-lactate__dehydrogenase__EC__1.1.1.27	SRR063555	15
AR1Y2_2463__L-lactate__dehydrogenase__EC__1.1.1.27	SRR063556	18
AR1Y2_2463__L-lactate__dehydrogenase__EC__1.1.1.27	SRR063557	5
AR1Y2_2463__L-lactate__dehydrogenase__EC__1.1.1.27	SRR063558	13
AR1Y2_2463__L-lactate__dehydrogenase__EC__1.1.1.27	SRR063560	13
AR1Y2_2463__L-lactate__dehydrogenase__EC__1.1.1.27	SRR063561	6
AR1Y2_2463__L-lactate__dehydrogenase__EC__1.1.1.27	SRR063562	17
AR1Y2_2463__L-lactate__dehydrogenase__EC__1.1.1.27	SRR063563	12
AR1Y2_2463__L-lactate__dehydrogenase__EC__1.1.1.27	SRR063564	17
AR1Y2_2463__L-lactate__dehydrogenase__EC__1.1.1.27	SRR063565	21
AR1Y2_2463__L-lactate__dehydrogenase__EC__1.1.1.27	SRR063566	9
AR1Y2_2463__L-lactate__dehydrogenase__EC__1.1.1.27	SRR063567	17
AR1Y2_2463__L-lactate__dehydrogenase__EC__1.1.1.27	SRR063568	8
AR1Y2_2463__L-lactate__dehydrogenase__EC__1.1.1.27	SRR063569	15
AR1Y2_2463__L-lactate__dehydrogenase__EC__1.1.1.27	SRR063570	15
AR1Y2_2463__L-lactate__dehydrogenase__EC__1.1.1.27	SRR063571	6
AR1Y2_2463__L-lactate__dehydrogenase__EC__1.1.1.27	SRR063572	16
AR1Y2_2463__L-lactate__dehydrogenase__EC__1.1.1.27	SRR063573	11
AR1Y2_2463__L-lactate__dehydrogenase__EC__1.1.1.27	SRR063574	19
AR1Y2_2463__L-lactate__dehydrogenase__EC__1.1.1.27	SRR063575	17
AR1Y2_2463__L-lactate__dehydrogenase__EC__1.1.1.27	SRR063576	8
AR1Y2_2463__L-lactate__dehydrogenase__EC__1.1.1.27	SRR063577	13
AR1Y2_2463__L-lactate__dehydrogenase__EC__1.1.1.27	SRR063578	5
AR1Y2_2463__L-lactate__dehydrogenase__EC__1.1.1.27	SRR063579	14
AR1Y2_2463__L-lactate__dehydrogenase__EC__1.1.1.27	SRR063580	12
AR1Y2_2463__L-lactate__dehydrogenase__EC__1.1.1.27	SRR063581	12
AR1Y2_2463__L-lactate__dehydrogenase__EC__1.1.1.27	SRR063582	12
AR1Y2_2463__L-lactate__dehydrogenase__EC__1.1.1.27	SRR063584	17
AR1Y2_2463__L-lactate__dehydrogenase__EC__1.1.1.27	SRR063585	14
AR1Y2_2463__L-lactate__dehydrogenase__EC__1.1.1.27	SRR063586	7
AR1Y2_2463__L-lactate__dehydrogenase__EC__1.1.1.27	SRR063587	15
AR1Y2_2463__L-lactate__dehydrogenase__EC__1.1.1.27	SRR063588	14
AR1Y2_2463__L-lactate__dehydrogenase__EC__1.1.1.27	SRR063589	14
AR1Y2_2463__L-lactate__dehydrogenase__EC__1.1.1.27	SRR063801	31
AR1Y2_2463__L-lactate__dehydrogenase__EC__1.1.1.27	SRR063802	12
AR1Y2_2463__L-lactate__dehydrogenase__EC__1.1.1.27	SRR063898	27
AR1Y2_2463__L-lactate__dehydrogenase__EC__1.1.1.27	SRR063899	20
AR1Y2_2463__L-lactate__dehydrogenase__EC__1.1.1.27	SRR063900	16
AR1Y2_2463__L-lactate__dehydrogenase__EC__1.1.1.27	SRR063901	26
AR1Y2_2463__L-lactate__dehydrogenase__EC__1.1.1.27	SRR063902	21
AR1Y2_2463__L-lactate__dehydrogenase__EC__1.1.1.27	SRR063903	27
AR1Y2_2463__L-lactate__dehydrogenase__EC__1.1.1.27	SRR063904	15
AR1Y2_2463__L-lactate__dehydrogenase__EC__1.1.1.27	SRR063905	16
AR1Y2_2463__L-lactate__dehydrogenase__EC__1.1.1.27	SRR063906	19
AR1Y2_2463__L-lactate__dehydrogenase__EC__1.1.1.27	SRR063907	9
AR1Y2_2463__L-lactate__dehydrogenase__EC__1.1.1.27	SRR063908	19
AR1Y2_2463__L-lactate__dehydrogenase__EC__1.1.1.27	SRR063909	19
AR1Y2_3042__Pyruvate-flavodoxin__oxidoreductase__EC__1.2.7.-	SRR061730	617
AR1Y2_3042__Pyruvate-flavodoxin__oxidoreductase__EC__1.2.7.-	SRR063538	425
AR1Y2_3042__Pyruvate-flavodoxin__oxidoreductase__EC__1.2.7.-	SRR063539	411
AR1Y2_3042__Pyruvate-flavodoxin__oxidoreductase__EC__1.2.7.-	SRR063540	84
AR1Y2_3042__Pyruvate-flavodoxin__oxidoreductase__EC__1.2.7.-	SRR063541	229
AR1Y2_3042__Pyruvate-flavodoxin__oxidoreductase__EC__1.2.7.-	SRR063542	109
AR1Y2_3042__Pyruvate-flavodoxin__oxidoreductase__EC__1.2.7.-	SRR063543	266
AR1Y2_3042__Pyruvate-flavodoxin__oxidoreductase__EC__1.2.7.-	SRR063544	252
AR1Y2_3042__Pyruvate-flavodoxin__oxidoreductase__EC__1.2.7.-	SRR063545	247
AR1Y2_3042__Pyruvate-flavodoxin__oxidoreductase__EC__1.2.7.-	SRR063546	192
AR1Y2_3042__Pyruvate-flavodoxin__oxidoreductase__EC__1.2.7.-	SRR063547	270
AR1Y2_3042__Pyruvate-flavodoxin__oxidoreductase__EC__1.2.7.-	SRR063548	376
AR1Y2_3042__Pyruvate-flavodoxin__oxidoreductase__EC__1.2.7.-	SRR063549	387
AR1Y2_3042__Pyruvate-flavodoxin__oxidoreductase__EC__1.2.7.-	SRR063550	330
AR1Y2_3042__Pyruvate-flavodoxin__oxidoreductase__EC__1.2.7.-	SRR063551	350
AR1Y2_3042__Pyruvate-flavodoxin__oxidoreductase__EC__1.2.7.-	SRR063552	290
AR1Y2_3042__Pyruvate-flavodoxin__oxidoreductase__EC__1.2.7.-	SRR063553	329
AR1Y2_3042__Pyruvate-flavodoxin__oxidoreductase__EC__1.2.7.-	SRR063554	377
AR1Y2_3042__Pyruvate-flavodoxin__oxidoreductase__EC__1.2.7.-	SRR063555	317
AR1Y2_3042__Pyruvate-flavodoxin__oxidoreductase__EC__1.2.7.-	SRR063556	279
AR1Y2_3042__Pyruvate-flavodoxin__oxidoreductase__EC__1.2.7.-	SRR063557	235
AR1Y2_3042__Pyruvate-flavodoxin__oxidoreductase__EC__1.2.7.-	SRR063558	229
AR1Y2_3042__Pyruvate-flavodoxin__oxidoreductase__EC__1.2.7.-	SRR063560	169
AR1Y2_3042__Pyruvate-flavodoxin__oxidoreductase__EC__1.2.7.-	SRR063561	232
AR1Y2_3042__Pyruvate-flavodoxin__oxidoreductase__EC__1.2.7.-	SRR063562	270
AR1Y2_3042__Pyruvate-flavodoxin__oxidoreductase__EC__1.2.7.-	SRR063563	267
AR1Y2_3042__Pyruvate-flavodoxin__oxidoreductase__EC__1.2.7.-	SRR063564	257
AR1Y2_3042__Pyruvate-flavodoxin__oxidoreductase__EC__1.2.7.-	SRR063565	329
AR1Y2_3042__Pyruvate-flavodoxin__oxidoreductase__EC__1.2.7.-	SRR063566	223
AR1Y2_3042__Pyruvate-flavodoxin__oxidoreductase__EC__1.2.7.-	SRR063567	230
AR1Y2_3042__Pyruvate-flavodoxin__oxidoreductase__EC__1.2.7.-	SRR063568	206
AR1Y2_3042__Pyruvate-flavodoxin__oxidoreductase__EC__1.2.7.-	SRR063569	220
AR1Y2_3042__Pyruvate-flavodoxin__oxidoreductase__EC__1.2.7.-	SRR063570	212
AR1Y2_3042__Pyruvate-flavodoxin__oxidoreductase__EC__1.2.7.-	SRR063571	147
AR1Y2_3042__Pyruvate-flavodoxin__oxidoreductase__EC__1.2.7.-	SRR063572	298
AR1Y2_3042__Pyruvate-flavodoxin__oxidoreductase__EC__1.2.7.-	SRR063573	252
AR1Y2_3042__Pyruvate-flavodoxin__oxidoreductase__EC__1.2.7.-	SRR063574	249
AR1Y2_3042__Pyruvate-flavodoxin__oxidoreductase__EC__1.2.7.-	SRR063575	267
AR1Y2_3042__Pyruvate-flavodoxin__oxidoreductase__EC__1.2.7.-	SRR063576	160
AR1Y2_3042__Pyruvate-flavodoxin__oxidoreductase__EC__1.2.7.-	SRR063577	213
AR1Y2_3042__Pyruvate-flavodoxin__oxidoreductase__EC__1.2.7.-	SRR063578	225
AR1Y2_3042__Pyruvate-flavodoxin__oxidoreductase__EC__1.2.7.-	SRR063579	238
AR1Y2_3042__Pyruvate-flavodoxin__oxidoreductase__EC__1.2.7.-	SRR063580	276
AR1Y2_3042__Pyruvate-flavodoxin__oxidoreductase__EC__1.2.7.-	SRR063581	290
AR1Y2_3042__Pyruvate-flavodoxin__oxidoreductase__EC__1.2.7.-	SRR063582	259
AR1Y2_3042__Pyruvate-flavodoxin__oxidoreductase__EC__1.2.7.-	SRR063584	295
AR1Y2_3042__Pyruvate-flavodoxin__oxidoreductase__EC__1.2.7.-	SRR063585	309
AR1Y2_3042__Pyruvate-flavodoxin__oxidoreductase__EC__1.2.7.-	SRR063586	248
AR1Y2_3042__Pyruvate-flavodoxin__oxidoreductase__EC__1.2.7.-	SRR063587	233
AR1Y2_3042__Pyruvate-flavodoxin__oxidoreductase__EC__1.2.7.-	SRR063588	270
AR1Y2_3042__Pyruvate-flavodoxin__oxidoreductase__EC__1.2.7.-	SRR063589	208
AR1Y2_3042__Pyruvate-flavodoxin__oxidoreductase__EC__1.2.7.-	SRR063801	384
AR1Y2_3042__Pyruvate-flavodoxin__oxidoreductase__EC__1.2.7.-	SRR063802	303
AR1Y2_3042__Pyruvate-flavodoxin__oxidoreductase__EC__1.2.7.-	SRR063898	407
AR1Y2_3042__Pyruvate-flavodoxin__oxidoreductase__EC__1.2.7.-	SRR063899	459
AR1Y2_3042__Pyruvate-flavodoxin__oxidoreductase__EC__1.2.7.-	SRR063900	397
AR1Y2_3042__Pyruvate-flavodoxin__oxidoreductase__EC__1.2.7.-	SRR063901	566
AR1Y2_3042__Pyruvate-flavodoxin__oxidoreductase__EC__1.2.7.-	SRR063902	436
AR1Y2_3042__Pyruvate-flavodoxin__oxidoreductase__EC__1.2.7.-	SRR063903	565
AR1Y2_3042__Pyruvate-flavodoxin__oxidoreductase__EC__1.2.7.-	SRR063904	584
AR1Y2_3042__Pyruvate-flavodoxin__oxidoreductase__EC__1.2.7.-	SRR063905	342
AR1Y2_3042__Pyruvate-flavodoxin__oxidoreductase__EC__1.2.7.-	SRR063906	427
AR1Y2_3042__Pyruvate-flavodoxin__oxidoreductase__EC__1.2.7.-	SRR063907	249
AR1Y2_3042__Pyruvate-flavodoxin__oxidoreductase__EC__1.2.7.-	SRR063908	502
AR1Y2_3042__Pyruvate-flavodoxin__oxidoreductase__EC__1.2.7.-	SRR063909	531
